Model,TBS1052C
Firmware Version,v2015-08-04-prequal4ch70_v1.3

Point Format,Y
Horizontal Units,S
Horizontal Scale,0.004
Sample Interval,3.2e-05
Filter Frequency,2e+08
Record Length,2000
Gating,0.0% to 100.0%
Probe Attenuation,10
Vertical Units,V
Vertical Offset,0
Vertical Scale,50
Label,
TIME,CH1
-3.200e-02,140
-3.197e-02,140
-3.194e-02,140
-3.190e-02,140
-3.187e-02,140
-3.184e-02,140
-3.181e-02,140
-3.178e-02,140
-3.174e-02,140
-3.171e-02,140
-3.168e-02,140
-3.165e-02,140
-3.162e-02,140
-3.158e-02,140
-3.155e-02,140
-3.152e-02,140
-3.149e-02,140
-3.146e-02,140
-3.142e-02,140
-3.139e-02,140
-3.136e-02,140
-3.133e-02,140
-3.130e-02,140
-3.126e-02,140
-3.123e-02,140
-3.120e-02,140
-3.117e-02,140
-3.114e-02,140
-3.110e-02,140
-3.107e-02,140
-3.104e-02,140
-3.101e-02,140
-3.098e-02,140
-3.094e-02,140
-3.091e-02,140
-3.088e-02,140
-3.085e-02,140
-3.082e-02,140
-3.078e-02,140
-3.075e-02,140
-3.072e-02,140
-3.069e-02,140
-3.066e-02,140
-3.062e-02,140
-3.059e-02,140
-3.056e-02,140
-3.053e-02,140
-3.050e-02,140
-3.046e-02,140
-3.043e-02,140
-3.040e-02,140
-3.037e-02,140
-3.034e-02,140
-3.030e-02,140
-3.027e-02,140
-3.024e-02,140
-3.021e-02,140
-3.018e-02,140
-3.014e-02,140
-3.011e-02,140
-3.008e-02,140
-3.005e-02,140
-3.002e-02,140
-2.998e-02,140
-2.995e-02,140
-2.992e-02,140
-2.989e-02,140
-2.986e-02,140
-2.982e-02,140
-2.979e-02,140
-2.976e-02,140
-2.973e-02,140
-2.970e-02,140
-2.966e-02,140
-2.963e-02,140
-2.960e-02,140
-2.957e-02,140
-2.954e-02,140
-2.950e-02,140
-2.947e-02,140
-2.944e-02,140
-2.941e-02,140
-2.938e-02,140
-2.934e-02,140
-2.931e-02,140
-2.928e-02,140
-2.925e-02,140
-2.922e-02,140
-2.918e-02,140
-2.915e-02,140
-2.912e-02,140
-2.909e-02,140
-2.906e-02,140
-2.902e-02,140
-2.899e-02,140
-2.896e-02,140
-2.893e-02,140
-2.890e-02,140
-2.886e-02,140
-2.883e-02,140
-2.880e-02,140
-2.877e-02,140
-2.874e-02,140
-2.870e-02,140
-2.867e-02,140
-2.864e-02,140
-2.861e-02,140
-2.858e-02,140
-2.854e-02,140
-2.851e-02,140
-2.848e-02,140
-2.845e-02,140
-2.842e-02,140
-2.838e-02,140
-2.835e-02,140
-2.832e-02,140
-2.829e-02,140
-2.826e-02,140
-2.822e-02,140
-2.819e-02,140
-2.816e-02,140
-2.813e-02,140
-2.810e-02,140
-2.806e-02,140
-2.803e-02,140
-2.800e-02,140
-2.797e-02,140
-2.794e-02,140
-2.790e-02,140
-2.787e-02,140
-2.784e-02,140
-2.781e-02,140
-2.778e-02,140
-2.774e-02,140
-2.771e-02,140
-2.768e-02,140
-2.765e-02,140
-2.762e-02,140
-2.758e-02,140
-2.755e-02,140
-2.752e-02,140
-2.749e-02,140
-2.746e-02,140
-2.742e-02,140
-2.739e-02,140
-2.736e-02,140
-2.733e-02,140
-2.730e-02,140
-2.726e-02,140
-2.723e-02,140
-2.720e-02,140
-2.717e-02,140
-2.714e-02,140
-2.710e-02,140
-2.707e-02,140
-2.704e-02,140
-2.701e-02,140
-2.698e-02,140
-2.694e-02,140
-2.691e-02,140
-2.688e-02,140
-2.685e-02,140
-2.682e-02,140
-2.678e-02,140
-2.675e-02,140
-2.672e-02,140
-2.669e-02,140
-2.666e-02,140
-2.662e-02,140
-2.659e-02,140
-2.656e-02,140
-2.653e-02,140
-2.650e-02,140
-2.646e-02,140
-2.643e-02,140
-2.640e-02,140
-2.637e-02,140
-2.634e-02,140
-2.630e-02,140
-2.627e-02,140
-2.624e-02,140
-2.621e-02,140
-2.618e-02,140
-2.614e-02,140
-2.611e-02,140
-2.608e-02,140
-2.605e-02,140
-2.602e-02,140
-2.598e-02,140
-2.595e-02,140
-2.592e-02,140
-2.589e-02,140
-2.586e-02,140
-2.582e-02,140
-2.579e-02,140
-2.576e-02,140
-2.573e-02,140
-2.570e-02,140
-2.566e-02,140
-2.563e-02,140
-2.560e-02,140
-2.557e-02,-134
-2.554e-02,-136
-2.550e-02,-134
-2.547e-02,-134
-2.544e-02,-136
-2.541e-02,-136
-2.538e-02,-136
-2.534e-02,-136
-2.531e-02,-136
-2.528e-02,-136
-2.525e-02,-136
-2.522e-02,-134
-2.518e-02,-134
-2.515e-02,-136
-2.512e-02,-136
-2.509e-02,-136
-2.506e-02,-136
-2.502e-02,-136
-2.499e-02,-134
-2.496e-02,-136
-2.493e-02,-134
-2.490e-02,-136
-2.486e-02,-136
-2.483e-02,-136
-2.480e-02,-136
-2.477e-02,-136
-2.474e-02,-136
-2.470e-02,-134
-2.467e-02,-134
-2.464e-02,-136
-2.461e-02,-136
-2.458e-02,-136
-2.454e-02,-136
-2.451e-02,-136
-2.448e-02,-136
-2.445e-02,-136
-2.442e-02,-136
-2.438e-02,-134
-2.435e-02,-136
-2.432e-02,-134
-2.429e-02,-136
-2.426e-02,-136
-2.422e-02,-134
-2.419e-02,-136
-2.416e-02,-134
-2.413e-02,-136
-2.410e-02,-134
-2.406e-02,-136
-2.403e-02,-134
-2.400e-02,-134
-2.397e-02,-134
-2.394e-02,-134
-2.390e-02,-134
-2.387e-02,-134
-2.384e-02,-134
-2.381e-02,-136
-2.378e-02,-136
-2.374e-02,-136
-2.371e-02,-136
-2.368e-02,-136
-2.365e-02,-136
-2.362e-02,-134
-2.358e-02,-134
-2.355e-02,-134
-2.352e-02,-136
-2.349e-02,-136
-2.346e-02,-134
-2.342e-02,-134
-2.339e-02,-136
-2.336e-02,-136
-2.333e-02,-136
-2.330e-02,-134
-2.326e-02,-136
-2.323e-02,-136
-2.320e-02,-136
-2.317e-02,-134
-2.314e-02,-134
-2.310e-02,-136
-2.307e-02,-136
-2.304e-02,-136
-2.301e-02,-136
-2.298e-02,-134
-2.294e-02,-136
-2.291e-02,-136
-2.288e-02,-136
-2.285e-02,-136
-2.282e-02,-134
-2.278e-02,-134
-2.275e-02,-134
-2.272e-02,-134
-2.269e-02,-136
-2.266e-02,-134
-2.262e-02,-134
-2.259e-02,-134
-2.256e-02,-134
-2.253e-02,-136
-2.250e-02,-136
-2.246e-02,-136
-2.243e-02,-136
-2.240e-02,-134
-2.237e-02,-134
-2.234e-02,-134
-2.230e-02,-134
-2.227e-02,-134
-2.224e-02,-134
-2.221e-02,-134
-2.218e-02,-136
-2.214e-02,-136
-2.211e-02,-136
-2.208e-02,-136
-2.205e-02,-134
-2.202e-02,-136
-2.198e-02,-136
-2.195e-02,-134
-2.192e-02,-134
-2.189e-02,-134
-2.186e-02,-134
-2.182e-02,-136
-2.179e-02,-136
-2.176e-02,-134
-2.173e-02,-134
-2.170e-02,-134
-2.166e-02,-134
-2.163e-02,-134
-2.160e-02,-134
-2.157e-02,-136
-2.154e-02,-134
-2.150e-02,-134
-2.147e-02,-134
-2.144e-02,-134
-2.141e-02,-134
-2.138e-02,-136
-2.134e-02,-134
-2.131e-02,-134
-2.128e-02,-134
-2.125e-02,-134
-2.122e-02,-134
-2.118e-02,-134
-2.115e-02,-136
-2.112e-02,-134
-2.109e-02,-134
-2.106e-02,-134
-2.102e-02,-134
-2.099e-02,-134
-2.096e-02,-136
-2.093e-02,-134
-2.090e-02,-134
-2.086e-02,-136
-2.083e-02,-134
-2.080e-02,-134
-2.077e-02,-134
-2.074e-02,-136
-2.070e-02,-134
-2.067e-02,-134
-2.064e-02,-136
-2.061e-02,-134
-2.058e-02,-136
-2.054e-02,-134
-2.051e-02,-134
-2.048e-02,-136
-2.045e-02,-134
-2.042e-02,-134
-2.038e-02,-134
-2.035e-02,-134
-2.032e-02,-134
-2.029e-02,-134
-2.026e-02,-134
-2.022e-02,-134
-2.019e-02,-134
-2.016e-02,-134
-2.013e-02,-134
-2.010e-02,-136
-2.006e-02,-134
-2.003e-02,-134
-2.000e-02,-134
-1.997e-02,-134
-1.994e-02,-134
-1.990e-02,-134
-1.987e-02,-134
-1.984e-02,-134
-1.981e-02,-134
-1.978e-02,-134
-1.974e-02,-134
-1.971e-02,-134
-1.968e-02,-134
-1.965e-02,-136
-1.962e-02,-134
-1.958e-02,-134
-1.955e-02,-134
-1.952e-02,-134
-1.949e-02,-136
-1.946e-02,-134
-1.942e-02,-134
-1.939e-02,-134
-1.936e-02,-134
-1.933e-02,-134
-1.930e-02,-134
-1.926e-02,-136
-1.923e-02,-136
-1.920e-02,-134
-1.917e-02,-134
-1.914e-02,-134
-1.910e-02,-134
-1.907e-02,-136
-1.904e-02,-134
-1.901e-02,-134
-1.898e-02,-134
-1.894e-02,-134
-1.891e-02,-134
-1.888e-02,-134
-1.885e-02,-134
-1.882e-02,-134
-1.878e-02,-134
-1.875e-02,-134
-1.872e-02,-134
-1.869e-02,-134
-1.866e-02,-136
-1.862e-02,-134
-1.859e-02,-134
-1.856e-02,-134
-1.853e-02,-134
-1.850e-02,-134
-1.846e-02,-134
-1.843e-02,-134
-1.840e-02,-134
-1.837e-02,-134
-1.834e-02,-134
-1.830e-02,-134
-1.827e-02,-134
-1.824e-02,-134
-1.821e-02,-134
-1.818e-02,-134
-1.814e-02,-134
-1.811e-02,-134
-1.808e-02,-134
-1.805e-02,-134
-1.802e-02,-134
-1.798e-02,-134
-1.795e-02,-134
-1.792e-02,-134
-1.789e-02,-134
-1.786e-02,-134
-1.782e-02,-134
-1.779e-02,-134
-1.776e-02,-134
-1.773e-02,-134
-1.770e-02,-134
-1.766e-02,-134
-1.763e-02,-134
-1.760e-02,-134
-1.757e-02,-134
-1.754e-02,-134
-1.750e-02,-134
-1.747e-02,-134
-1.744e-02,-134
-1.741e-02,-134
-1.738e-02,-134
-1.734e-02,-134
-1.731e-02,-134
-1.728e-02,-134
-1.725e-02,-134
-1.722e-02,-134
-1.718e-02,-134
-1.715e-02,-134
-1.712e-02,-134
-1.709e-02,-134
-1.706e-02,-134
-1.702e-02,-134
-1.699e-02,-132
-1.696e-02,140
-1.693e-02,140
-1.690e-02,140
-1.686e-02,140
-1.683e-02,140
-1.680e-02,140
-1.677e-02,140
-1.674e-02,140
-1.670e-02,140
-1.667e-02,140
-1.664e-02,140
-1.661e-02,140
-1.658e-02,140
-1.654e-02,140
-1.651e-02,140
-1.648e-02,140
-1.645e-02,140
-1.642e-02,140
-1.638e-02,140
-1.635e-02,140
-1.632e-02,140
-1.629e-02,140
-1.626e-02,140
-1.622e-02,140
-1.619e-02,140
-1.616e-02,140
-1.613e-02,140
-1.610e-02,140
-1.606e-02,140
-1.603e-02,140
-1.600e-02,140
-1.597e-02,140
-1.594e-02,140
-1.590e-02,140
-1.587e-02,140
-1.584e-02,140
-1.581e-02,140
-1.578e-02,140
-1.574e-02,140
-1.571e-02,140
-1.568e-02,140
-1.565e-02,140
-1.562e-02,140
-1.558e-02,140
-1.555e-02,140
-1.552e-02,140
-1.549e-02,140
-1.546e-02,140
-1.542e-02,140
-1.539e-02,140
-1.536e-02,140
-1.533e-02,140
-1.530e-02,140
-1.526e-02,140
-1.523e-02,140
-1.520e-02,140
-1.517e-02,140
-1.514e-02,140
-1.510e-02,140
-1.507e-02,140
-1.504e-02,140
-1.501e-02,140
-1.498e-02,140
-1.494e-02,140
-1.491e-02,140
-1.488e-02,140
-1.485e-02,140
-1.482e-02,140
-1.478e-02,140
-1.475e-02,140
-1.472e-02,140
-1.469e-02,140
-1.466e-02,140
-1.462e-02,140
-1.459e-02,140
-1.456e-02,140
-1.453e-02,140
-1.450e-02,140
-1.446e-02,140
-1.443e-02,140
-1.440e-02,140
-1.437e-02,140
-1.434e-02,140
-1.430e-02,140
-1.427e-02,140
-1.424e-02,140
-1.421e-02,140
-1.418e-02,140
-1.414e-02,140
-1.411e-02,140
-1.408e-02,140
-1.405e-02,140
-1.402e-02,140
-1.398e-02,140
-1.395e-02,140
-1.392e-02,140
-1.389e-02,140
-1.386e-02,140
-1.382e-02,140
-1.379e-02,140
-1.376e-02,140
-1.373e-02,140
-1.370e-02,140
-1.366e-02,140
-1.363e-02,140
-1.360e-02,140
-1.357e-02,140
-1.354e-02,140
-1.350e-02,140
-1.347e-02,140
-1.344e-02,140
-1.341e-02,140
-1.338e-02,140
-1.334e-02,140
-1.331e-02,140
-1.328e-02,140
-1.325e-02,140
-1.322e-02,140
-1.318e-02,140
-1.315e-02,140
-1.312e-02,140
-1.309e-02,140
-1.306e-02,140
-1.302e-02,140
-1.299e-02,140
-1.296e-02,140
-1.293e-02,140
-1.290e-02,140
-1.286e-02,140
-1.283e-02,140
-1.280e-02,140
-1.277e-02,140
-1.274e-02,140
-1.270e-02,140
-1.267e-02,140
-1.264e-02,140
-1.261e-02,140
-1.258e-02,140
-1.254e-02,140
-1.251e-02,140
-1.248e-02,140
-1.245e-02,140
-1.242e-02,140
-1.238e-02,140
-1.235e-02,140
-1.232e-02,140
-1.229e-02,140
-1.226e-02,140
-1.222e-02,140
-1.219e-02,140
-1.216e-02,140
-1.213e-02,140
-1.210e-02,140
-1.206e-02,140
-1.203e-02,140
-1.200e-02,140
-1.197e-02,140
-1.194e-02,140
-1.190e-02,140
-1.187e-02,140
-1.184e-02,140
-1.181e-02,140
-1.178e-02,140
-1.174e-02,140
-1.171e-02,140
-1.168e-02,140
-1.165e-02,140
-1.162e-02,140
-1.158e-02,140
-1.155e-02,140
-1.152e-02,140
-1.149e-02,140
-1.146e-02,140
-1.142e-02,140
-1.139e-02,140
-1.136e-02,140
-1.133e-02,140
-1.130e-02,140
-1.126e-02,140
-1.123e-02,140
-1.120e-02,140
-1.117e-02,140
-1.114e-02,140
-1.110e-02,140
-1.107e-02,140
-1.104e-02,140
-1.101e-02,140
-1.098e-02,140
-1.094e-02,140
-1.091e-02,140
-1.088e-02,140
-1.085e-02,140
-1.082e-02,140
-1.078e-02,140
-1.075e-02,140
-1.072e-02,140
-1.069e-02,140
-1.066e-02,140
-1.062e-02,140
-1.059e-02,140
-1.056e-02,140
-1.053e-02,140
-1.050e-02,140
-1.046e-02,140
-1.043e-02,140
-1.040e-02,140
-1.037e-02,140
-1.034e-02,140
-1.030e-02,140
-1.027e-02,140
-1.024e-02,140
-1.021e-02,140
-1.018e-02,140
-1.014e-02,140
-1.011e-02,140
-1.008e-02,140
-1.005e-02,140
-1.002e-02,140
-9.984e-03,140
-9.952e-03,140
-9.920e-03,140
-9.888e-03,140
-9.856e-03,140
-9.824e-03,140
-9.792e-03,140
-9.760e-03,140
-9.728e-03,140
-9.696e-03,140
-9.664e-03,140
-9.632e-03,140
-9.600e-03,140
-9.568e-03,140
-9.536e-03,140
-9.504e-03,140
-9.472e-03,140
-9.440e-03,140
-9.408e-03,140
-9.376e-03,140
-9.344e-03,140
-9.312e-03,140
-9.280e-03,140
-9.248e-03,140
-9.216e-03,140
-9.184e-03,140
-9.152e-03,140
-9.120e-03,140
-9.088e-03,140
-9.056e-03,140
-9.024e-03,140
-8.992e-03,140
-8.960e-03,140
-8.928e-03,140
-8.896e-03,140
-8.864e-03,140
-8.832e-03,140
-8.800e-03,140
-8.768e-03,140
-8.736e-03,140
-8.704e-03,140
-8.672e-03,140
-8.640e-03,140
-8.608e-03,-134
-8.576e-03,-134
-8.544e-03,-136
-8.512e-03,-136
-8.480e-03,-136
-8.448e-03,-136
-8.416e-03,-136
-8.384e-03,-136
-8.352e-03,-136
-8.320e-03,-136
-8.288e-03,-134
-8.256e-03,-136
-8.224e-03,-134
-8.192e-03,-134
-8.160e-03,-136
-8.128e-03,-136
-8.096e-03,-136
-8.064e-03,-134
-8.032e-03,-134
-8.000e-03,-136
-7.968e-03,-136
-7.936e-03,-136
-7.904e-03,-136
-7.872e-03,-134
-7.840e-03,-134
-7.808e-03,-134
-7.776e-03,-134
-7.744e-03,-136
-7.712e-03,-134
-7.680e-03,-136
-7.648e-03,-136
-7.616e-03,-134
-7.584e-03,-134
-7.552e-03,-136
-7.520e-03,-136
-7.488e-03,-134
-7.456e-03,-134
-7.424e-03,-136
-7.392e-03,-136
-7.360e-03,-136
-7.328e-03,-136
-7.296e-03,-136
-7.264e-03,-136
-7.232e-03,-136
-7.200e-03,-134
-7.168e-03,-136
-7.136e-03,-136
-7.104e-03,-136
-7.072e-03,-136
-7.040e-03,-134
-7.008e-03,-134
-6.976e-03,-134
-6.944e-03,-134
-6.912e-03,-134
-6.880e-03,-136
-6.848e-03,-134
-6.816e-03,-136
-6.784e-03,-136
-6.752e-03,-136
-6.720e-03,-136
-6.688e-03,-134
-6.656e-03,-134
-6.624e-03,-134
-6.592e-03,-134
-6.560e-03,-134
-6.528e-03,-134
-6.496e-03,-136
-6.464e-03,-134
-6.432e-03,-136
-6.400e-03,-134
-6.368e-03,-136
-6.336e-03,-136
-6.304e-03,-136
-6.272e-03,-134
-6.240e-03,-134
-6.208e-03,-134
-6.176e-03,-134
-6.144e-03,-134
-6.112e-03,-136
-6.080e-03,-134
-6.048e-03,-136
-6.016e-03,-136
-5.984e-03,-134
-5.952e-03,-134
-5.920e-03,-134
-5.888e-03,-136
-5.856e-03,-136
-5.824e-03,-136
-5.792e-03,-134
-5.760e-03,-134
-5.728e-03,-136
-5.696e-03,-134
-5.664e-03,-134
-5.632e-03,-134
-5.600e-03,-136
-5.568e-03,-136
-5.536e-03,-136
-5.504e-03,-134
-5.472e-03,-134
-5.440e-03,-134
-5.408e-03,-134
-5.376e-03,-136
-5.344e-03,-136
-5.312e-03,-134
-5.280e-03,-134
-5.248e-03,-134
-5.216e-03,-136
-5.184e-03,-134
-5.152e-03,-134
-5.120e-03,-134
-5.088e-03,-134
-5.056e-03,-134
-5.024e-03,-136
-4.992e-03,-136
-4.960e-03,-134
-4.928e-03,-134
-4.896e-03,-134
-4.864e-03,-134
-4.832e-03,-134
-4.800e-03,-134
-4.768e-03,-134
-4.736e-03,-134
-4.704e-03,-136
-4.672e-03,-134
-4.640e-03,-136
-4.608e-03,-134
-4.576e-03,-134
-4.544e-03,-134
-4.512e-03,-134
-4.480e-03,-134
-4.448e-03,-136
-4.416e-03,-136
-4.384e-03,-134
-4.352e-03,-134
-4.320e-03,-134
-4.288e-03,-134
-4.256e-03,-134
-4.224e-03,-134
-4.192e-03,-134
-4.160e-03,-134
-4.128e-03,-134
-4.096e-03,-134
-4.064e-03,-136
-4.032e-03,-136
-4.000e-03,-134
-3.968e-03,-134
-3.936e-03,-134
-3.904e-03,-134
-3.872e-03,-136
-3.840e-03,-134
-3.808e-03,-136
-3.776e-03,-134
-3.744e-03,-136
-3.712e-03,-134
-3.680e-03,-136
-3.648e-03,-134
-3.616e-03,-136
-3.584e-03,-134
-3.552e-03,-134
-3.520e-03,-136
-3.488e-03,-134
-3.456e-03,-136
-3.424e-03,-136
-3.392e-03,-134
-3.360e-03,-134
-3.328e-03,-136
-3.296e-03,-134
-3.264e-03,-136
-3.232e-03,-134
-3.200e-03,-136
-3.168e-03,-134
-3.136e-03,-136
-3.104e-03,-134
-3.072e-03,-136
-3.040e-03,-134
-3.008e-03,-134
-2.976e-03,-136
-2.944e-03,-136
-2.912e-03,-134
-2.880e-03,-134
-2.848e-03,-134
-2.816e-03,-134
-2.784e-03,-134
-2.752e-03,-134
-2.720e-03,-134
-2.688e-03,-134
-2.656e-03,-134
-2.624e-03,-134
-2.592e-03,-134
-2.560e-03,-134
-2.528e-03,-134
-2.496e-03,-136
-2.464e-03,-134
-2.432e-03,-134
-2.400e-03,-134
-2.368e-03,-134
-2.336e-03,-134
-2.304e-03,-134
-2.272e-03,-134
-2.240e-03,-134
-2.208e-03,-134
-2.176e-03,-134
-2.144e-03,-134
-2.112e-03,-134
-2.080e-03,-136
-2.048e-03,-134
-2.016e-03,-136
-1.984e-03,-134
-1.952e-03,-136
-1.920e-03,-136
-1.888e-03,-134
-1.856e-03,-134
-1.824e-03,-134
-1.792e-03,-134
-1.760e-03,-136
-1.728e-03,-134
-1.696e-03,-134
-1.664e-03,-134
-1.632e-03,-136
-1.600e-03,-134
-1.568e-03,-136
-1.536e-03,-134
-1.504e-03,-134
-1.472e-03,-134
-1.440e-03,-136
-1.408e-03,-134
-1.376e-03,-134
-1.344e-03,-134
-1.312e-03,-134
-1.280e-03,-134
-1.248e-03,-134
-1.216e-03,-134
-1.184e-03,-134
-1.152e-03,-134
-1.120e-03,-134
-1.088e-03,-134
-1.056e-03,-134
-1.024e-03,-134
-9.920e-04,-134
-9.600e-04,-134
-9.280e-04,-134
-8.960e-04,-134
-8.640e-04,-134
-8.320e-04,-134
-8.000e-04,-134
-7.680e-04,-134
-7.360e-04,-134
-7.040e-04,-134
-6.720e-04,-134
-6.400e-04,-134
-6.080e-04,-134
-5.760e-04,-134
-5.440e-04,-134
-5.120e-04,-134
-4.800e-04,-134
-4.480e-04,-134
-4.160e-04,-134
-3.840e-04,-134
-3.520e-04,-134
-3.200e-04,-134
-2.880e-04,-134
-2.560e-04,-134
-2.240e-04,-134
-1.920e-04,-134
-1.600e-04,-134
-1.280e-04,-134
-9.600e-05,-134
-6.400e-05,-134
-3.200e-05,-132
4.880e-16,140
3.200e-05,140
6.400e-05,140
9.600e-05,142
1.280e-04,140
1.600e-04,140
1.920e-04,140
2.240e-04,140
2.560e-04,140
2.880e-04,140
3.200e-04,140
3.520e-04,140
3.840e-04,140
4.160e-04,140
4.480e-04,140
4.800e-04,140
5.120e-04,140
5.440e-04,140
5.760e-04,140
6.080e-04,140
6.400e-04,140
6.720e-04,140
7.040e-04,140
7.360e-04,140
7.680e-04,140
8.000e-04,140
8.320e-04,140
8.640e-04,140
8.960e-04,140
9.280e-04,140
9.600e-04,140
9.920e-04,140
1.024e-03,140
1.056e-03,140
1.088e-03,140
1.120e-03,140
1.152e-03,140
1.184e-03,140
1.216e-03,140
1.248e-03,140
1.280e-03,140
1.312e-03,140
1.344e-03,140
1.376e-03,140
1.408e-03,140
1.440e-03,140
1.472e-03,140
1.504e-03,140
1.536e-03,140
1.568e-03,140
1.600e-03,140
1.632e-03,140
1.664e-03,140
1.696e-03,140
1.728e-03,140
1.760e-03,140
1.792e-03,140
1.824e-03,140
1.856e-03,140
1.888e-03,140
1.920e-03,140
1.952e-03,140
1.984e-03,140
2.016e-03,140
2.048e-03,140
2.080e-03,140
2.112e-03,140
2.144e-03,140
2.176e-03,140
2.208e-03,140
2.240e-03,140
2.272e-03,140
2.304e-03,140
2.336e-03,140
2.368e-03,140
2.400e-03,140
2.432e-03,140
2.464e-03,140
2.496e-03,140
2.528e-03,140
2.560e-03,140
2.592e-03,140
2.624e-03,140
2.656e-03,140
2.688e-03,140
2.720e-03,140
2.752e-03,140
2.784e-03,140
2.816e-03,140
2.848e-03,140
2.880e-03,140
2.912e-03,140
2.944e-03,140
2.976e-03,140
3.008e-03,140
3.040e-03,140
3.072e-03,140
3.104e-03,140
3.136e-03,140
3.168e-03,140
3.200e-03,140
3.232e-03,140
3.264e-03,140
3.296e-03,140
3.328e-03,140
3.360e-03,140
3.392e-03,140
3.424e-03,140
3.456e-03,140
3.488e-03,140
3.520e-03,140
3.552e-03,140
3.584e-03,140
3.616e-03,140
3.648e-03,140
3.680e-03,140
3.712e-03,140
3.744e-03,140
3.776e-03,140
3.808e-03,140
3.840e-03,140
3.872e-03,140
3.904e-03,140
3.936e-03,140
3.968e-03,140
4.000e-03,140
4.032e-03,140
4.064e-03,140
4.096e-03,140
4.128e-03,140
4.160e-03,140
4.192e-03,140
4.224e-03,140
4.256e-03,140
4.288e-03,140
4.320e-03,140
4.352e-03,140
4.384e-03,140
4.416e-03,140
4.448e-03,140
4.480e-03,140
4.512e-03,140
4.544e-03,140
4.576e-03,140
4.608e-03,140
4.640e-03,140
4.672e-03,140
4.704e-03,140
4.736e-03,140
4.768e-03,140
4.800e-03,140
4.832e-03,140
4.864e-03,140
4.896e-03,140
4.928e-03,140
4.960e-03,140
4.992e-03,140
5.024e-03,140
5.056e-03,140
5.088e-03,140
5.120e-03,140
5.152e-03,140
5.184e-03,140
5.216e-03,140
5.248e-03,140
5.280e-03,140
5.312e-03,140
5.344e-03,140
5.376e-03,140
5.408e-03,140
5.440e-03,140
5.472e-03,140
5.504e-03,140
5.536e-03,140
5.568e-03,140
5.600e-03,140
5.632e-03,140
5.664e-03,140
5.696e-03,140
5.728e-03,140
5.760e-03,140
5.792e-03,140
5.824e-03,140
5.856e-03,140
5.888e-03,140
5.920e-03,140
5.952e-03,140
5.984e-03,140
6.016e-03,140
6.048e-03,140
6.080e-03,140
6.112e-03,140
6.144e-03,140
6.176e-03,140
6.208e-03,140
6.240e-03,140
6.272e-03,140
6.304e-03,140
6.336e-03,140
6.368e-03,140
6.400e-03,140
6.432e-03,140
6.464e-03,140
6.496e-03,140
6.528e-03,140
6.560e-03,140
6.592e-03,140
6.624e-03,140
6.656e-03,140
6.688e-03,140
6.720e-03,140
6.752e-03,140
6.784e-03,140
6.816e-03,140
6.848e-03,140
6.880e-03,140
6.912e-03,140
6.944e-03,140
6.976e-03,140
7.008e-03,140
7.040e-03,140
7.072e-03,140
7.104e-03,140
7.136e-03,140
7.168e-03,140
7.200e-03,140
7.232e-03,140
7.264e-03,140
7.296e-03,140
7.328e-03,140
7.360e-03,140
7.392e-03,140
7.424e-03,140
7.456e-03,140
7.488e-03,140
7.520e-03,140
7.552e-03,140
7.584e-03,140
7.616e-03,140
7.648e-03,140
7.680e-03,140
7.712e-03,140
7.744e-03,140
7.776e-03,140
7.808e-03,140
7.840e-03,140
7.872e-03,140
7.904e-03,140
7.936e-03,140
7.968e-03,140
8.000e-03,140
8.032e-03,140
8.064e-03,140
8.096e-03,140
8.128e-03,140
8.160e-03,140
8.192e-03,140
8.224e-03,140
8.256e-03,140
8.288e-03,140
8.320e-03,140
8.352e-03,-136
8.384e-03,-134
8.416e-03,-136
8.448e-03,-136
8.480e-03,-136
8.512e-03,-136
8.544e-03,-134
8.576e-03,-136
8.608e-03,-136
8.640e-03,-136
8.672e-03,-134
8.704e-03,-136
8.736e-03,-134
8.768e-03,-136
8.800e-03,-136
8.832e-03,-136
8.864e-03,-134
8.896e-03,-136
8.928e-03,-134
8.960e-03,-136
8.992e-03,-134
9.024e-03,-134
9.056e-03,-136
9.088e-03,-134
9.120e-03,-136
9.152e-03,-136
9.184e-03,-134
9.216e-03,-134
9.248e-03,-134
9.280e-03,-134
9.312e-03,-134
9.344e-03,-134
9.376e-03,-136
9.408e-03,-134
9.440e-03,-136
9.472e-03,-134
9.504e-03,-134
9.536e-03,-136
9.568e-03,-136
9.600e-03,-136
9.632e-03,-134
9.664e-03,-134
9.696e-03,-134
9.728e-03,-134
9.760e-03,-134
9.792e-03,-136
9.824e-03,-136
9.856e-03,-136
9.888e-03,-136
9.920e-03,-134
9.952e-03,-136
9.984e-03,-134
1.002e-02,-136
1.005e-02,-136
1.008e-02,-136
1.011e-02,-134
1.014e-02,-136
1.018e-02,-136
1.021e-02,-134
1.024e-02,-134
1.027e-02,-136
1.030e-02,-136
1.034e-02,-136
1.037e-02,-136
1.040e-02,-134
1.043e-02,-134
1.046e-02,-136
1.050e-02,-136
1.053e-02,-134
1.056e-02,-134
1.059e-02,-134
1.062e-02,-136
1.066e-02,-134
1.069e-02,-134
1.072e-02,-134
1.075e-02,-136
1.078e-02,-134
1.082e-02,-136
1.085e-02,-134
1.088e-02,-136
1.091e-02,-134
1.094e-02,-136
1.098e-02,-134
1.101e-02,-134
1.104e-02,-136
1.107e-02,-134
1.110e-02,-136
1.114e-02,-136
1.117e-02,-134
1.120e-02,-134
1.123e-02,-134
1.126e-02,-134
1.130e-02,-136
1.133e-02,-136
1.136e-02,-136
1.139e-02,-134
1.142e-02,-134
1.146e-02,-134
1.149e-02,-134
1.152e-02,-134
1.155e-02,-136
1.158e-02,-136
1.162e-02,-136
1.165e-02,-134
1.168e-02,-134
1.171e-02,-134
1.174e-02,-136
1.178e-02,-136
1.181e-02,-134
1.184e-02,-136
1.187e-02,-134
1.190e-02,-136
1.194e-02,-134
1.197e-02,-134
1.200e-02,-134
1.203e-02,-134
1.206e-02,-134
1.210e-02,-134
1.213e-02,-134
1.216e-02,-134
1.219e-02,-134
1.222e-02,-134
1.226e-02,-134
1.229e-02,-134
1.232e-02,-136
1.235e-02,-134
1.238e-02,-134
1.242e-02,-134
1.245e-02,-134
1.248e-02,-134
1.251e-02,-134
1.254e-02,-134
1.258e-02,-134
1.261e-02,-134
1.264e-02,-134
1.267e-02,-134
1.270e-02,-136
1.274e-02,-134
1.277e-02,-134
1.280e-02,-134
1.283e-02,-136
1.286e-02,-134
1.290e-02,-134
1.293e-02,-134
1.296e-02,-134
1.299e-02,-134
1.302e-02,-134
1.306e-02,-134
1.309e-02,-134
1.312e-02,-134
1.315e-02,-134
1.318e-02,-136
1.322e-02,-134
1.325e-02,-134
1.328e-02,-134
1.331e-02,-136
1.334e-02,-136
1.338e-02,-134
1.341e-02,-136
1.344e-02,-134
1.347e-02,-134
1.350e-02,-134
1.354e-02,-136
1.357e-02,-134
1.360e-02,-134
1.363e-02,-134
1.366e-02,-134
1.370e-02,-134
1.373e-02,-134
1.376e-02,-134
1.379e-02,-134
1.382e-02,-134
1.386e-02,-134
1.389e-02,-136
1.392e-02,-134
1.395e-02,-134
1.398e-02,-134
1.402e-02,-136
1.405e-02,-134
1.408e-02,-134
1.411e-02,-134
1.414e-02,-136
1.418e-02,-134
1.421e-02,-134
1.424e-02,-134
1.427e-02,-136
1.430e-02,-134
1.434e-02,-136
1.437e-02,-134
1.440e-02,-136
1.443e-02,-134
1.446e-02,-134
1.450e-02,-134
1.453e-02,-134
1.456e-02,-134
1.459e-02,-136
1.462e-02,-136
1.466e-02,-134
1.469e-02,-136
1.472e-02,-134
1.475e-02,-134
1.478e-02,-134
1.482e-02,-134
1.485e-02,-134
1.488e-02,-134
1.491e-02,-136
1.494e-02,-134
1.498e-02,-134
1.501e-02,-134
1.504e-02,-134
1.507e-02,-134
1.510e-02,-134
1.514e-02,-134
1.517e-02,-134
1.520e-02,-134
1.523e-02,-134
1.526e-02,-134
1.530e-02,-136
1.533e-02,-134
1.536e-02,-134
1.539e-02,-134
1.542e-02,-136
1.546e-02,-134
1.549e-02,-134
1.552e-02,-134
1.555e-02,-134
1.558e-02,-134
1.562e-02,-136
1.565e-02,-134
1.568e-02,-134
1.571e-02,-134
1.574e-02,-134
1.578e-02,-134
1.581e-02,-136
1.584e-02,-134
1.587e-02,-134
1.590e-02,-134
1.594e-02,-136
1.597e-02,-134
1.600e-02,-134
1.603e-02,-134
1.606e-02,-136
1.610e-02,-134
1.613e-02,-134
1.616e-02,-134
1.619e-02,-136
1.622e-02,-134
1.626e-02,-134
1.629e-02,-134
1.632e-02,-134
1.635e-02,-134
1.638e-02,-134
1.642e-02,-134
1.645e-02,-134
1.648e-02,-134
1.651e-02,-134
1.654e-02,-134
1.658e-02,-134
1.661e-02,-134
1.664e-02,-134
1.667e-02,-134
1.670e-02,-134
1.674e-02,-134
1.677e-02,-134
1.680e-02,-134
1.683e-02,-134
1.686e-02,-134
1.690e-02,-134
1.693e-02,-134
1.696e-02,140
1.699e-02,140
1.702e-02,140
1.706e-02,140
1.709e-02,140
1.712e-02,140
1.715e-02,140
1.718e-02,140
1.722e-02,140
1.725e-02,140
1.728e-02,140
1.731e-02,140
1.734e-02,140
1.738e-02,140
1.741e-02,140
1.744e-02,140
1.747e-02,140
1.750e-02,140
1.754e-02,140
1.757e-02,140
1.760e-02,140
1.763e-02,140
1.766e-02,140
1.770e-02,140
1.773e-02,140
1.776e-02,140
1.779e-02,140
1.782e-02,140
1.786e-02,140
1.789e-02,140
1.792e-02,142
1.795e-02,140
1.798e-02,140
1.802e-02,140
1.805e-02,140
1.808e-02,140
1.811e-02,140
1.814e-02,140
1.818e-02,140
1.821e-02,140
1.824e-02,140
1.827e-02,140
1.830e-02,140
1.834e-02,140
1.837e-02,140
1.840e-02,140
1.843e-02,140
1.846e-02,140
1.850e-02,140
1.853e-02,140
1.856e-02,140
1.859e-02,140
1.862e-02,140
1.866e-02,140
1.869e-02,140
1.872e-02,140
1.875e-02,140
1.878e-02,140
1.882e-02,140
1.885e-02,140
1.888e-02,140
1.891e-02,140
1.894e-02,140
1.898e-02,140
1.901e-02,140
1.904e-02,140
1.907e-02,140
1.910e-02,140
1.914e-02,140
1.917e-02,140
1.920e-02,140
1.923e-02,140
1.926e-02,142
1.930e-02,140
1.933e-02,140
1.936e-02,140
1.939e-02,140
1.942e-02,140
1.946e-02,140
1.949e-02,140
1.952e-02,140
1.955e-02,140
1.958e-02,140
1.962e-02,140
1.965e-02,140
1.968e-02,140
1.971e-02,140
1.974e-02,140
1.978e-02,140
1.981e-02,140
1.984e-02,140
1.987e-02,140
1.990e-02,140
1.994e-02,140
1.997e-02,140
2.000e-02,140
2.003e-02,140
2.006e-02,140
2.010e-02,140
2.013e-02,140
2.016e-02,140
2.019e-02,140
2.022e-02,140
2.026e-02,140
2.029e-02,140
2.032e-02,140
2.035e-02,140
2.038e-02,140
2.042e-02,140
2.045e-02,140
2.048e-02,140
2.051e-02,140
2.054e-02,140
2.058e-02,140
2.061e-02,140
2.064e-02,140
2.067e-02,140
2.070e-02,140
2.074e-02,140
2.077e-02,140
2.080e-02,140
2.083e-02,140
2.086e-02,140
2.090e-02,140
2.093e-02,140
2.096e-02,140
2.099e-02,140
2.102e-02,140
2.106e-02,140
2.109e-02,140
2.112e-02,140
2.115e-02,140
2.118e-02,140
2.122e-02,140
2.125e-02,140
2.128e-02,140
2.131e-02,140
2.134e-02,140
2.138e-02,140
2.141e-02,140
2.144e-02,140
2.147e-02,140
2.150e-02,140
2.154e-02,140
2.157e-02,140
2.160e-02,140
2.163e-02,140
2.166e-02,140
2.170e-02,140
2.173e-02,140
2.176e-02,140
2.179e-02,140
2.182e-02,140
2.186e-02,140
2.189e-02,140
2.192e-02,140
2.195e-02,140
2.198e-02,140
2.202e-02,140
2.205e-02,140
2.208e-02,140
2.211e-02,140
2.214e-02,140
2.218e-02,140
2.221e-02,140
2.224e-02,140
2.227e-02,140
2.230e-02,140
2.234e-02,140
2.237e-02,140
2.240e-02,140
2.243e-02,140
2.246e-02,140
2.250e-02,140
2.253e-02,140
2.256e-02,140
2.259e-02,140
2.262e-02,140
2.266e-02,140
2.269e-02,140
2.272e-02,140
2.275e-02,140
2.278e-02,142
2.282e-02,140
2.285e-02,140
2.288e-02,140
2.291e-02,140
2.294e-02,140
2.298e-02,140
2.301e-02,140
2.304e-02,140
2.307e-02,140
2.310e-02,140
2.314e-02,140
2.317e-02,140
2.320e-02,140
2.323e-02,140
2.326e-02,140
2.330e-02,140
2.333e-02,140
2.336e-02,140
2.339e-02,140
2.342e-02,140
2.346e-02,140
2.349e-02,140
2.352e-02,140
2.355e-02,140
2.358e-02,140
2.362e-02,140
2.365e-02,140
2.368e-02,140
2.371e-02,140
2.374e-02,140
2.378e-02,140
2.381e-02,140
2.384e-02,140
2.387e-02,140
2.390e-02,140
2.394e-02,140
2.397e-02,140
2.400e-02,140
2.403e-02,140
2.406e-02,140
2.410e-02,140
2.413e-02,140
2.416e-02,140
2.419e-02,140
2.422e-02,140
2.426e-02,140
2.429e-02,140
2.432e-02,140
2.435e-02,140
2.438e-02,140
2.442e-02,140
2.445e-02,140
2.448e-02,140
2.451e-02,140
2.454e-02,140
2.458e-02,140
2.461e-02,140
2.464e-02,140
2.467e-02,140
2.470e-02,140
2.474e-02,140
2.477e-02,140
2.480e-02,140
2.483e-02,140
2.486e-02,140
2.490e-02,140
2.493e-02,140
2.496e-02,140
2.499e-02,140
2.502e-02,140
2.506e-02,140
2.509e-02,140
2.512e-02,140
2.515e-02,140
2.518e-02,140
2.522e-02,140
2.525e-02,140
2.528e-02,140
2.531e-02,140
2.534e-02,-134
2.538e-02,-134
2.541e-02,-136
2.544e-02,-136
2.547e-02,-136
2.550e-02,-136
2.554e-02,-136
2.557e-02,-136
2.560e-02,-134
2.563e-02,-136
2.566e-02,-136
2.570e-02,-134
2.573e-02,-136
2.576e-02,-136
2.579e-02,-136
2.582e-02,-134
2.586e-02,-136
2.589e-02,-134
2.592e-02,-134
2.595e-02,-136
2.598e-02,-136
2.602e-02,-136
2.605e-02,-136
2.608e-02,-136
2.611e-02,-134
2.614e-02,-136
2.618e-02,-136
2.621e-02,-136
2.624e-02,-136
2.627e-02,-136
2.630e-02,-136
2.634e-02,-136
2.637e-02,-136
2.640e-02,-136
2.643e-02,-136
2.646e-02,-136
2.650e-02,-136
2.653e-02,-134
2.656e-02,-136
2.659e-02,-136
2.662e-02,-136
2.666e-02,-134
2.669e-02,-136
2.672e-02,-134
2.675e-02,-136
2.678e-02,-136
2.682e-02,-134
2.685e-02,-134
2.688e-02,-134
2.691e-02,-136
2.694e-02,-134
2.698e-02,-136
2.701e-02,-136
2.704e-02,-136
2.707e-02,-134
2.710e-02,-136
2.714e-02,-134
2.717e-02,-136
2.720e-02,-136
2.723e-02,-134
2.726e-02,-134
2.730e-02,-136
2.733e-02,-136
2.736e-02,-134
2.739e-02,-136
2.742e-02,-136
2.746e-02,-134
2.749e-02,-134
2.752e-02,-134
2.755e-02,-136
2.758e-02,-136
2.762e-02,-134
2.765e-02,-134
2.768e-02,-136
2.771e-02,-136
2.774e-02,-136
2.778e-02,-134
2.781e-02,-136
2.784e-02,-134
2.787e-02,-136
2.790e-02,-136
2.794e-02,-136
2.797e-02,-134
2.800e-02,-134
2.803e-02,-134
2.806e-02,-134
2.810e-02,-136
2.813e-02,-134
2.816e-02,-136
2.819e-02,-136
2.822e-02,-134
2.826e-02,-136
2.829e-02,-136
2.832e-02,-136
2.835e-02,-134
2.838e-02,-134
2.842e-02,-136
2.845e-02,-136
2.848e-02,-134
2.851e-02,-136
2.854e-02,-136
2.858e-02,-136
2.861e-02,-134
2.864e-02,-136
2.867e-02,-136
2.870e-02,-134
2.874e-02,-134
2.877e-02,-134
2.880e-02,-134
2.883e-02,-136
2.886e-02,-134
2.890e-02,-136
2.893e-02,-134
2.896e-02,-136
2.899e-02,-134
2.902e-02,-134
2.906e-02,-134
2.909e-02,-134
2.912e-02,-134
2.915e-02,-136
2.918e-02,-134
2.922e-02,-134
2.925e-02,-134
2.928e-02,-134
2.931e-02,-134
2.934e-02,-136
2.938e-02,-134
2.941e-02,-134
2.944e-02,-134
2.947e-02,-136
2.950e-02,-134
2.954e-02,-134
2.957e-02,-134
2.960e-02,-134
2.963e-02,-134
2.966e-02,-134
2.970e-02,-136
2.973e-02,-134
2.976e-02,-136
2.979e-02,-134
2.982e-02,-134
2.986e-02,-134
2.989e-02,-134
2.992e-02,-136
2.995e-02,-134
2.998e-02,-134
3.002e-02,-134
3.005e-02,-134
3.008e-02,-134
3.011e-02,-136
3.014e-02,-134
3.018e-02,-136
3.021e-02,-136
3.024e-02,-134
3.027e-02,-134
3.030e-02,-134
3.034e-02,-134
3.037e-02,-136
3.040e-02,-136
3.043e-02,-134
3.046e-02,-136
3.050e-02,-134
3.053e-02,-134
3.056e-02,-134
3.059e-02,-134
3.062e-02,-136
3.066e-02,-134
3.069e-02,-134
3.072e-02,-134
3.075e-02,-136
3.078e-02,-134
3.082e-02,-136
3.085e-02,-134
3.088e-02,-134
3.091e-02,-136
3.094e-02,-134
3.098e-02,-134
3.101e-02,-134
3.104e-02,-136
3.107e-02,-136
3.110e-02,-136
3.114e-02,-134
3.117e-02,-134
3.120e-02,-136
3.123e-02,-136
3.126e-02,-134
3.130e-02,-134
3.133e-02,-134
3.136e-02,-134
3.139e-02,-134
3.142e-02,-134
3.146e-02,-134
3.149e-02,-134
3.152e-02,-134
3.155e-02,-134
3.158e-02,-134
3.162e-02,-134
3.165e-02,-134
3.168e-02,-134
3.171e-02,-134
3.174e-02,-134
3.178e-02,-134
3.181e-02,-134
3.184e-02,-134
3.187e-02,-134
3.190e-02,-134
3.194e-02,-136
3.197e-02,-134

