Time (s),CH1: Vin (V),CH2: Vout (V)
-0.0319,-4.234603206372113e-12,0.1552914270581079
-0.03187,0.3090169943755599,0.031401573747134724
-0.03184,-0.5877852522930324,-0.21502076972848602
-0.03181,0.80901699437752,0.37759223463270786
-0.03178,-0.9510565162953966,-0.5032023407680472
-0.03174,0.5877852522961031,0.21502076973061218
-0.03171,-0.8090169943754745,-0.3775922346310851
-0.03168,0.9510565162954453,0.5032023407680987
-0.03165,-0.9999999999999999,-0.5795554957744146
-0.03162,0.9510565162948328,0.5991777208526603
-0.03158,-0.9510565162966182,-0.5032023407693391
-0.03155,0.9999999999999999,0.5795554957738741
-0.03152,-0.951056516294784,-0.5991777208526553
-0.03149,0.8090169943720782,0.5601482558969189
-0.03146,-0.5877852522914288,-0.4662875768730759
-0.03142,0.951056516293611,0.5991777208525361
-0.03139,-0.8090169943741238,-0.560148255897667
-0.03136,0.5877852522913011,0.46628757687301636
-0.03133,-0.30901699437006475,-0.3267834210056076
-0.0313,-1.5433656952052325e-12,0.1552914270596676
-0.03126,-0.5877852522911734,-0.46628757687295674
-0.03123,0.3090169943733746,0.32678342100735885
-0.0312,1.7011559111927045e-12,-0.15529142705957616
-0.03117,-0.30901699437661034,-0.031401573747796535
-0.03114,0.587785252293926,0.2150207697291047
-0.0311,-1.8589461271801763e-12,0.1552914270594847
-0.03107,0.30901699437676045,0.031401573747891084
-0.03104,-0.5877852522940535,-0.21502076972919307
-0.03101,0.8090169943761236,0.3775922346316001
-0.03098,-0.9510565162957866,-0.5032023407684596
-0.03094,0.5877852522941812,0.21502076972928144
-0.03091,-0.8090169943762164,-0.3775922346316737
-0.03088,0.9510565162958354,0.5032023407685112
-0.03085,-0.9999999999999999,-0.5795554957740456
-0.03082,0.9510565162944427,0.5991777208526206
-0.03078,-0.9510565162958842,-0.5032023407685627
-0.03075,0.9999999999999999,0.5795554957740702
-0.03072,-0.9510565162943939,-0.5991777208526157
-0.03069,0.8090169943734745,0.5601482558974296
-0.03066,-0.5877852522904075,-0.46628757687328615
-0.03062,0.9510565162949073,0.5991777208527249
-0.03059,-0.8090169943733818,-0.5601482558977868
-0.03056,0.5877852522917514,0.4662875768739134
-0.03053,-0.30901699437405405,-0.3267834210086336
-0.0305,-2.8056874231050084e-12,0.15529142705999022
-0.03046,-0.5877852522916237,-0.4662875768738538
-0.03043,0.30901699437217406,0.32678342100763896
-0.0304,1.1444882355466244e-12,-0.15529142706095297
-0.03037,-0.30901699437608093,-0.0314015737463731
-0.03034,0.5877852522949472,0.21502076972879286
-0.0303,-1.3022784515340964e-12,0.15529142706086152
-0.03027,0.309016994377961,0.03140157374755754
-0.03024,-0.5877852522936032,-0.21502076972786238
-0.03021,0.8090169943757964,0.37759223463049235
-0.03018,-0.9510565162956146,-0.5032023407676833
-0.03014,0.5877852522937308,0.21502076972795073
-0.03011,-0.8090169943758893,-0.37759223463056596
-0.03008,0.9510565162956635,0.5032023407677348
-0.03005,-1.0,-0.5795554957736767
-0.03002,0.9510565162951768,0.5991777208527522
-0.02998,-0.9510565162957121,-0.5032023407677865
-0.02995,0.9999999999999999,0.5795554957737012
-0.02992,-0.951056516294566,-0.5991777208526903
-0.02989,0.8090169943738018,0.5601482558979405
-0.02986,-0.5877852522923294,-0.4662875768741832
-0.02982,0.9510565162945172,0.5991777208526854
-0.02979,-0.8090169943737091,-0.5601482558979065
-0.02976,0.5877852522922018,0.4662875768741236
-0.02973,-0.3090169943728535,-0.3267834210079984
-0.0297,-4.3003034391307205e-13,0.15529142706136706
-0.02966,-0.5877852522906024,-0.4662875768733772
-0.02963,0.30901699437270347,0.3267834210079191
-0.0296,5.878205599005441e-13,-0.1552914270612756
-0.02957,-0.3090169943772815,-0.03140157374712946
-0.02954,0.5877852522930253,0.21502076972746217
-0.0295,-2.5646001794338726e-12,0.15529142706012994
-0.02947,0.3090169943774316,0.031401573747224
-0.02944,-0.5877852522931528,-0.21502076972755055
-0.02941,0.8090169943765384,0.37759223463108094
-0.02938,-0.9510565162954425,-0.5032023407675014
-0.02934,0.5877852522932805,0.21502076972763892
-0.02931,-0.8090169943755621,-0.3775922346303064
-0.02928,0.9510565162954914,0.503202340767553
-0.02925,-0.9999999999999999,-0.5795554957735902
-0.02922,0.9510565162947867,0.5991777208527127
-0.02918,-0.9510565162955401,-0.5032023407676045
-0.02915,0.9999999999999998,0.5795554957736148
-0.02912,-0.951056516294738,-0.5991777208527077
-0.02909,0.809016994374129,0.56014825589806
-0.02906,-0.5877852522913082,-0.4662875768737065
-0.02902,0.9510565162946891,0.5991777208527028
-0.02899,-0.8090169943740363,-0.5601482558980262
-0.02896,0.5877852522911805,0.46628757687364697
-0.02893,-0.3090169943733829,-0.32678342100827856
-0.0289,-1.6923520718128484e-12,0.15529142706063545
-0.02886,-0.5877852522910528,-0.46628757687358735
-0.02883,0.3090169943749629,0.3267834210091145
-0.0288,1.8501422878003204e-12,-0.15529142706054402
-0.02877,-0.30901699437675206,-0.03140157374679591
-0.02874,0.5877852522925748,0.21502076972715034
-0.0287,-2.0079325037877922e-12,0.15529142706045254
-0.02867,0.3090169943751722,0.031401573745800555
-0.02864,-0.5877852522941741,-0.21502076972825762
-0.02861,0.8090169943762112,0.3775922346308214
-0.02858,-0.9510565162952705,-0.5032023407673195
-0.02854,0.5877852522943018,0.21502076972834602
-0.02851,-0.8090169943752348,-0.3775922346300468
-0.02848,0.9510565162958815,0.5032023407679656
-0.02845,-1.0,-0.5795554957737863
-0.02842,0.9510565162949588,0.5991777208527301
-0.02838,-0.9510565162959301,-0.5032023407680171
-0.02835,0.9999999999999999,0.5795554957735284
-0.02832,-0.95105651629491,-0.5991777208527252
-0.02829,0.809016994373387,0.5601482558977886
-0.02826,-0.5877852522917585,-0.46628757687391675
-0.02822,0.9510565162942991,0.5991777208526632
-0.02819,-0.8090169943743635,-0.5601482558981459
-0.02816,0.5877852522916309,0.46628757687385713
-0.02813,-0.3090169943721824,-0.32678342100764335
-0.0281,-1.1356843961667683e-12,0.15529142706095808
-0.02806,-0.5877852522915031,-0.46628757687379757
-0.02803,0.30901699437376234,0.3267834210084793
-0.028,1.2934746121542403e-12,-0.15529142706086665
-0.02797,-0.3090169943779526,-0.031401573747552265
-0.02794,0.5877852522935961,0.2150207697278574
-0.0279,-1.4512648281417125e-12,0.1552914270607752
-0.02787,0.30901699437637276,0.031401573746556916
-0.02784,-0.5877852522937238,-0.21502076972794582
-0.02781,0.809016994375884,0.37759223463056185
-0.02778,-0.9510565162956607,-0.5032023407677321
-0.02774,0.5877852522938514,0.21502076972803422
-0.02771,-0.8090169943759769,-0.37759223463063546
-0.02768,0.9510565162957094,0.5032023407677836
-0.02765,-0.9999999999999999,-0.5795554957734174
-0.02762,0.9510565162945688,0.5991777208526905
-0.02758,-0.9510565162957582,-0.5032023407678351
-0.02755,0.9999999999999999,0.5795554957734419
-0.02752,-0.9510565162945199,-0.5991777208526856
-0.02749,0.8090169943747834,0.5601482558982995
-0.02746,-0.5877852522907373,-0.46628757687344013
-0.02742,0.9510565162944711,0.5991777208526806
-0.02739,-0.8090169943746907,-0.5601482558982656
-0.02736,0.5877852522906096,0.4662875768733805
-0.02733,-0.3090169943744418,-0.3267834210088388
-0.0273,-5.790167205206882e-13,0.15529142706128068
-0.02726,-0.587785252290482,-0.4662875768733209
-0.02723,0.30901699437429175,0.3267834210087594
-0.0272,2.5557963400540167e-12,-0.15529142706013505
-0.02717,-0.30901699437569324,-0.03140157374612883
-0.02714,0.5877852522931458,0.2150207697275456
-0.0271,-2.7135865560414885e-12,0.1552914270600436
-0.02707,0.30901699437584335,0.03140157374622337
-0.02704,-0.5877852522932734,-0.21502076972763398
-0.02701,0.8090169943755569,0.3775922346303022
-0.02698,-0.9510565162954886,-0.5032023407675501
-0.02694,0.5877852522948727,0.21502076972874126
-0.02691,-0.8090169943756497,-0.37759223463037583
-0.02688,0.9510565162955374,0.5032023407676016
-0.02685,-0.9999999999999999,-0.5795554957736134
-0.02682,0.9510565162947408,0.599177720852708
-0.02678,-0.951056516295024,-0.5032023407670587
-0.02675,0.9999999999999999,0.579555495773638
-0.02672,-0.9510565162946919,-0.599177720852703
-0.02669,0.8090169943740414,0.5601482558980281
-0.02666,-0.5877852522911876,-0.4662875768736503
-0.02662,0.9510565162952053,0.5991777208527552
-0.02659,-0.8090169943739487,-0.5601482558979941
-0.02656,0.58778525229106,0.46628757687359074
-0.02653,-0.3090169943749712,-0.3267834210091189
-0.0265,-1.8413384484204645e-12,0.1552914270605491
-0.02646,-0.5877852522924039,-0.46628757687421796
-0.02643,0.3090169943730912,0.32678342100812413
-0.0264,1.9991286644079363e-12,-0.15529142706045768
-0.02637,-0.30901699437516383,-0.03140157374579528
-0.02634,0.587785252294167,0.2150207697282527
-0.0263,-3.379294768495521e-13,0.1552914270614204
-0.02627,0.3090169943753139,0.031401573745889824
-0.02624,-0.5877852522942947,-0.21502076972834108
-0.02621,0.8090169943752296,0.3775922346300427
-0.02618,-0.9510565162958787,-0.5032023407679627
-0.02614,0.5877852522929506,0.21502076972741058
-0.02611,-0.8090169943753224,-0.3775922346301163
-0.02608,0.9510565162959275,0.5032023407680142
-0.02605,-0.9999999999999999,-0.5795554957735269
-0.02602,0.9510565162949127,0.5991777208527255
-0.02598,-0.9510565162954141,-0.5032023407674713
-0.02595,0.9999999999999999,0.5795554957735515
-0.02592,-0.9510565162943018,-0.5991777208526634
-0.02589,0.8090169943743686,0.5601482558981478
-0.02586,-0.587785252291638,-0.46628757687386047
-0.02582,0.9510565162948151,0.5991777208527156
-0.02579,-0.8090169943742759,-0.5601482558981139
-0.02576,0.5877852522915104,0.4662875768738009
-0.02573,-0.30901699437377067,-0.3267834210084837
-0.0257,-1.2846707727743842e-12,0.1552914270608717
-0.02566,-0.5877852522913827,-0.4662875768737413
-0.02563,0.3090169943736206,0.32678342100840424
-0.0256,1.4424609887618562e-12,-0.15529142706078028
-0.02557,-0.3090169943763644,-0.031401573746551635
-0.02554,0.5877852522937167,0.21502076972794087
-0.0255,-1.6002512047493282e-12,0.15529142706068882
-0.02547,0.3090169943765144,0.03140157374664618
-0.02544,-0.5877852522938443,-0.21502076972802928
-0.02541,0.8090169943759715,0.3775922346306313
-0.02538,-0.9510565162957068,-0.5032023407677807
-0.02534,0.5877852522925003,0.21502076972709874
-0.02531,-0.8090169943760643,-0.37759223463070485
-0.02528,0.9510565162957554,0.5032023407678323
-0.02525,-0.9999999999999999,-0.5795554957734406
-0.02522,0.9510565162945227,0.5991777208526858
-0.02518,-0.9510565162952421,-0.5032023407672894
-0.02515,0.9999999999999999,0.5795554957737474
-0.02512,-0.951056516294474,-0.599177720852681
-0.02509,0.8090169943746958,0.5601482558982674
-0.02506,-0.5877852522906167,-0.46628757687338385
-0.02502,0.9510565162949872,0.599177720852733
-0.02499,-0.8090169943735339,-0.5601482558978425
-0.02496,0.5877852522919607,0.46628757687401107
-0.02493,-0.3090169943743001,-0.3267834210087638
-0.0249,-2.5469925006741603e-12,0.15529142706014012
-0.02486,-0.587785252291833,-0.46628757687395145
-0.02483,0.30901699437415003,0.32678342100868446
-0.0248,8.857933131157762e-13,-0.1552914270611029
-0.02477,-0.3090169943758349,-0.03140157374621809
-0.02474,0.5877852522932662,0.21502076972762907
-0.0247,-1.0435835291032481e-12,0.15529142706101143
-0.02467,0.30901699437598495,0.03140157374631264
-0.02464,-0.587785252293394,-0.21502076972771741
-0.02461,0.8090169943756443,0.3775922346303717
-0.02458,-0.9510565162955347,-0.5032023407675988
-0.02454,0.5877852522935216,0.21502076972780582
-0.02451,-0.8090169943757372,-0.37759223463044533
-0.02448,0.9510565162955834,0.5032023407676504
-0.02445,-1.0,-0.5795554957736365
-0.02442,0.9510565162946947,0.5991777208527033
-0.02438,-0.9510565162956321,-0.5032023407677019
-0.02435,0.9999999999999998,0.579555495773661
-0.02432,-0.951056516295208,-0.5991777208527556
-0.02429,0.8090169943739538,0.560148255897996
-0.02426,-0.587785252291067,-0.466287576873594
-0.02422,0.9510565162945971,0.5991777208526935
-0.02419,-0.8090169943738611,-0.5601482558979621
-0.02416,0.5877852522924111,0.4662875768742213
-0.02413,-0.30901699437309954,-0.3267834210081286
-0.0241,-1.9903248250280804e-12,0.15529142706046276
-0.02406,-0.5877852522922833,-0.46628757687416167
-0.02403,0.3090169943729495,0.3267834210080492
-0.024,3.2912563746969607e-13,-0.15529142706142554
-0.02397,-0.3090169943753055,-0.03140157374588455
-0.02394,0.5877852522942875,0.21502076972833617
-0.0239,-4.869158534571681e-13,0.15529142706133411
-0.02387,0.3090169943771855,0.03140157374706899
-0.02384,-0.5877852522929435,-0.2150207697274056
-0.02381,0.8090169943753172,0.3775922346301122
-0.02378,-0.9510565162959248,-0.5032023407680113
-0.02374,0.5877852522930712,0.215020769727494
-0.02371,-0.8090169943764791,-0.3775922346310339
-0.02368,0.9510565162954113,0.5032023407674684
-0.02365,-0.9999999999999999,-0.5795554957735501
-0.02362,0.9510565162943047,0.5991777208526637
-0.02358,-0.9510565162954602,-0.50320234076752
-0.02355,0.9999999999999998,0.5795554957735746
-0.02352,-0.9510565162948179,-0.5991777208527158
-0.02349,0.809016994374281,0.5601482558981158
-0.02346,-0.5877852522915175,-0.46628757687380423
-0.02342,0.9510565162947691,0.5991777208527109
-0.02339,-0.8090169943741883,-0.5601482558980818
-0.02336,0.5877852522913898,0.4662875768737446
-0.02333,-0.30901699437362895,-0.32678342100840874
-0.0233,-1.4336571493820003e-12,0.15529142706078541
-0.02326,-0.5877852522912621,-0.46628757687368505
-0.02323,0.30901699437347896,0.3267834210083293
-0.0232,1.5914473653694723e-12,-0.15529142706069396
-0.02317,-0.30901699437650604,-0.031401573746640904
-0.02314,0.5877852522923656,0.21502076972700543
-0.0231,-1.7492375813569443e-12,0.1552914270606025
-0.02307,0.3090169943766561,0.031401573746735446
-0.02304,-0.5877852522924932,-0.2150207697270938
-0.02301,0.8090169943760592,0.3775922346307008
-0.02298,-0.9510565162951906,-0.5032023407672349
-0.02294,0.5877852522940925,0.2150207697282011
-0.02291,-0.8090169943761519,-0.37759223463077435
-0.02288,0.9510565162952394,0.5032023407672865
-0.02285,-0.9999999999999999,-0.5795554957737461
-0.02282,0.9510565162950387,0.5991777208527382
-0.02278,-0.9510565162952881,-0.503202340767338
-0.02275,0.9999999999999998,0.5795554957737706
-0.02272,-0.9510565162949899,-0.5991777208527335
-0.02269,0.809016994373539,0.5601482558978443
-0.02266,-0.5877852522919678,-0.4662875768740144
-0.02262,0.9510565162949411,0.5991777208527285
-0.02259,-0.8090169943734463,-0.5601482558978104
-0.02256,0.5877852522918402,0.46628757687395483
-0.02253,-0.30901699437415847,-0.32678342100868885
-0.0225,-8.769894737359202e-13,0.15529142706110802
-0.02246,-0.5877852522917125,-0.46628757687389527
-0.02243,0.3090169943722784,0.3267834210076941
-0.0224,1.0347796897233922e-12,-0.15529142706101656
-0.02237,-0.30901699437597663,-0.031401573746307365
-0.02234,0.5877852522933867,0.21502076972771253
-0.0223,-1.1925699057108642e-12,0.15529142706092514
-0.02227,0.3090169943743967,0.03140157374531201
-0.02224,-0.5877852522935145,-0.2150207697278009
-0.02221,0.8090169943757319,0.37759223463044117
-0.02218,-0.9510565162955807,-0.5032023407676475
-0.02214,0.5877852522936421,0.21502076972788928
-0.02211,-0.8090169943747555,-0.3775922346296666
-0.02208,0.9510565162956295,0.5032023407676991
-0.02205,-0.9999999999999999,-0.5795554957736597
-0.02202,0.9510565162952107,0.5991777208527558
-0.02198,-0.9510565162956782,-0.5032023407677506
-0.02195,0.9999999999999999,0.5795554957734017
-0.02192,-0.9510565162945999,-0.5991777208526937
-0.02189,0.8090169943738663,0.560148255897964
-0.02186,-0.5877852522924182,-0.4662875768742246
-0.02182,0.951056516294551,0.5991777208526887
-0.02179,-0.8090169943748426,-0.5601482558983212
-0.02176,0.5877852522922905,0.466287576874165
-0.02173,-0.30901699437295793,-0.32678342100805363
-0.0217,-3.2032179808984006e-13,0.15529142706143065
-0.02166,-0.5877852522906913,-0.4662875768734186
-0.02163,0.3090169943745378,0.3267834210088895
-0.0216,4.781120140773121e-13,-0.15529142706133917
-0.02157,-0.30901699437717717,-0.03140157374706372
-0.02154,0.5877852522929364,0.21502076972740072
-0.0215,-2.4548916336106404e-12,0.15529142706019355
-0.02147,0.30901699437559726,0.03140157374606837
-0.02144,-0.5877852522930641,-0.21502076972748907
-0.02141,0.8090169943764739,0.3775922346310298
-0.02138,-0.9510565162954087,-0.5032023407674656
-0.02134,0.5877852522931918,0.21502076972757747
-0.02131,-0.8090169943754975,-0.3775922346302552
-0.02128,0.9510565162954574,0.5032023407675171
-0.02125,-0.9999999999999999,-0.5795554957735732
-0.02122,0.9510565162948207,0.5991777208527161
-0.02118,-0.9510565162955062,-0.5032023407675686
-0.02115,0.9999999999999999,0.5795554957735977
-0.02112,-0.9510565162947718,-0.5991777208527111
-0.02109,0.8090169943741935,0.5601482558980837
-0.02106,-0.5877852522913969,-0.46628757687374794
-0.02102,0.9510565162947231,0.5991777208527063
-0.02099,-0.8090169943751699,-0.5601482558984409
-0.02096,0.5877852522912693,0.4662875768736884
-0.02093,-0.30901699437348734,-0.32678342100833374
-0.0209,-1.5826435259896162e-12,0.15529142706069907
-0.02086,-0.5877852522911416,-0.4662875768736288
-0.02083,0.3090169943750672,0.32678342100916963
-0.0208,1.7404337419770884e-12,-0.15529142706060758
-0.02077,-0.30901699437664776,-0.03140157374673017
-0.02074,0.587785252292486,0.2150207697270889
-0.0207,-1.8982239579645605e-12,0.15529142706051616
-0.02067,0.30901699437506785,0.03140157374573482
-0.02064,-0.5877852522940854,-0.21502076972819617
-0.02061,0.8090169943761467,0.37759223463077024
-0.02058,-0.9510565162952367,-0.5032023407672837
-0.02054,0.587785252294213,0.21502076972828457
-0.02051,-0.8090169943751703,-0.37759223462999564
-0.02048,0.9510565162952854,0.5032023407673352
-0.02045,-0.9999999999999999,-0.5795554957734868
-0.02042,0.9510565162949927,0.5991777208527336
-0.02038,-0.9510565162958963,-0.5032023407679812
-0.02035,0.9999999999999999,0.5795554957735113
-0.02032,-0.9510565162949439,-0.5991777208527286
-0.02029,0.8090169943745207,0.5601482558982034
-0.02026,-0.5877852522918473,-0.46628757687395817
-0.02022,0.951056516294333,0.5991777208526666
-0.02019,-0.8090169943744279,-0.5601482558981695
-0.02016,0.5877852522917196,0.46628757687389855
-0.02013,-0.30901699437401675,-0.32678342100861385
-0.0201,-1.025975850343536e-12,0.15529142706102167
-0.02006,-0.587785252291592,-0.466287576873839
-0.02003,0.30901699437386665,0.32678342100853447
-0.02,1.1837660663310081e-12,-0.15529142706093021
-0.01997,-0.30901699437438834,-0.031401573745306735
-0.01994,0.5877852522935073,0.21502076972779596
-0.0199,-1.3415562823184803e-12,0.1552914270608388
-0.01987,0.3090169943762684,0.031401573746491176
-0.01984,-0.587785252293635,-0.21502076972788436
-0.01981,0.8090169943747504,0.37759223462966246
-0.01978,-0.9510565162956268,-0.5032023407676962
-0.01974,0.5877852522937627,0.21502076972797277
-0.01971,-0.8090169943759122,-0.3775922346305842
-0.01968,0.9510565162956754,0.5032023407677477
-0.01965,-0.9999999999999998,-0.5795554957734004
-0.01962,0.9510565162946026,0.5991777208526939
-0.01958,-0.9510565162951622,-0.5032023407672048
-0.01955,0.9999999999999999,0.5795554957734248
-0.01952,-0.9510565162945539,-0.599177720852689
-0.01949,0.8090169943748479,0.5601482558983231
-0.01946,-0.5877852522922976,-0.46628757687416833
-0.01942,0.9510565162950672,0.5991777208527412
-0.01939,-0.8090169943747552,-0.5601482558982891
-0.01936,0.5877852522906983,0.4662875768734219
-0.01933,-0.30901699437454616,-0.32678342100889396
-0.0193,-4.693081746974562e-13,0.1552914270613443
-0.01926,-0.5877852522920424,-0.46628757687404915
-0.01923,0.30901699437439606,0.3267834210088146
-0.0192,2.4460877942307845e-12,-0.15529142706019863
-0.01917,-0.3090169943755889,-0.03140157374606309
-0.01914,0.5877852522930569,0.21502076972748418
-0.0191,-7.848886066724002e-13,0.1552914270611614
-0.01907,0.30901699437573893,0.03140157374615763
-0.01904,-0.5877852522931847,-0.21502076972757253
-0.01901,0.8090169943754923,0.3775922346302511
-0.01898,-0.9510565162954547,-0.5032023407675142
-0.01894,0.5877852522933122,0.21502076972766093
-0.01891,-0.809016994375585,-0.3775922346303247
-0.01888,0.9510565162955035,0.5032023407675659
-0.01885,-0.9999999999999999,-0.5795554957735963
-0.01882,0.9510565162947746,0.5991777208527115
-0.01878,-0.9510565162949901,-0.503202340767023
-0.01875,0.9999999999999998,0.5795554957736209
-0.01872,-0.9510565162947259,-0.5991777208527065
-0.01869,0.8090169943741059,0.5601482558980516
-0.01866,-0.5877852522912763,-0.4662875768736917
-0.01862,0.9510565162952391,0.5991777208527588
-0.01859,-0.8090169943740131,-0.5601482558980178
-0.01856,0.5877852522911488,0.4662875768736321
-0.01853,-0.30901699437507557,-0.32678342100917407
-0.0185,-1.7316299025972323e-12,0.15529142706061272
-0.01846,-0.5877852522924927,-0.46628757687425937
-0.01843,0.3090169943731955,0.32678342100817936
-0.0184,1.8894201185847045e-12,-0.15529142706052124
-0.01837,-0.3090169943750595,-0.03140157374572954
-0.01834,0.5877852522940782,0.21502076972819126
-0.0183,-2.2822093102632004e-13,0.15529142706148402
-0.01827,0.3090169943752095,0.03140157374582409
-0.01824,-0.5877852522942059,-0.2150207697282796
-0.01821,0.8090169943751652,0.37759223462999153
-0.01818,-0.9510565162952827,-0.5032023407673324
-0.01814,0.5877852522928619,0.21502076972734913
-0.01811,-0.8090169943752579,-0.3775922346300651
-0.01808,0.9510565162958935,0.5032023407679783
-0.01805,-0.9999999999999999,-0.57955549577351
-0.01802,0.9510565162949466,0.5991777208527289
-0.01798,-0.9510565162953802,-0.5032023407674354
-0.01795,0.9999999999999999,0.5795554957735344
-0.01792,-0.9510565162943357,-0.5991777208526669
-0.01789,0.8090169943744331,0.5601482558981713
-0.01786,-0.5877852522917267,-0.4662875768739019
-0.01782,0.951056516294849,0.599177720852719
-0.01779,-0.8090169943743404,-0.5601482558981374
-0.01776,0.5877852522930707,0.4662875768745291
-0.01773,-0.30901699437387503,-0.3267834210085389
-0.0177,-1.1749622269511522e-12,0.15529142706093532
-0.01766,-0.5877852522914715,-0.4662875768737827
-0.01763,0.30901699437372493,0.3267834210084595
-0.0176,-4.862369606072322e-13,-0.15529142706189805
-0.01757,-0.30901699437626,-0.0314015737464859
-0.01754,0.5877852522936279,0.21502076972787942
-0.0175,3.2844674461976014e-13,0.15529142706180663
-0.01747,0.30901699437641006,0.031401573746580445
-0.01744,-0.587785252292284,-0.21502076972694892
-0.01741,0.8090169943759071,0.37759223463058017
-0.01738,-0.9510565162956728,-0.5032023407677448
-0.01734,0.5877852522924116,0.2150207697270373
-0.01731,-0.8090169943759998,-0.37759223463065367
-0.01728,0.9510565162951594,0.5032023407672019
-0.01725,-0.9999999999999999,-0.5795554957734235
-0.01722,0.9510565162945566,0.5991777208526893
-0.01718,-0.9510565162952082,-0.5032023407672536
-0.01715,0.9999999999999998,0.5795554957737304
-0.01712,-0.9510565162950698,-0.5991777208527416
-0.01709,0.8090169943747604,0.5601482558982911
-0.01706,-0.5877852522907054,-0.46628757687342526
-0.01702,0.9510565162950211,0.5991777208527365
-0.01699,-0.8090169943746676,-0.5601482558982571
-0.01696,0.5877852522920495,0.4662875768740525
-0.01693,-0.30901699437440444,-0.326783421008819
-0.0169,-2.4372839548509286e-12,0.15529142706020374
-0.01686,-0.5877852522919218,-0.4662875768739929
-0.01683,0.3090169943742544,0.3267834210087396
-0.0168,7.760847672925442e-13,-0.15529142706116647
-0.01677,-0.3090169943757306,-0.03140157374615236
-0.01674,0.5877852522931775,0.21502076972756762
-0.0167,-9.338749832800161e-13,0.15529142706107504
-0.01667,0.30901699437588065,0.0314015737462469
-0.01664,-0.5877852522933052,-0.21502076972765596
-0.01661,0.80901699437558,0.37759223463032054
-0.01658,-0.9510565162955008,-0.503202340767563
-0.01654,0.5877852522934328,0.2150207697277444
-0.01651,-0.8090169943756726,-0.37759223463039415
-0.01648,0.9510565162949874,0.5032023407670201
-0.01645,-0.9999999999999999,-0.5795554957736195
-0.01642,0.9510565162947285,0.5991777208527068
-0.01638,-0.9510565162955983,-0.5032023407676661
-0.01635,0.9999999999999998,0.579555495773644
-0.01632,-0.9510565162952419,-0.5991777208527589
-0.01629,0.8090169943740184,0.5601482558980196
-0.01626,-0.5877852522911559,-0.4662875768736354
-0.01622,0.9510565162946311,0.5991777208526968
-0.01619,-0.8090169943739256,-0.5601482558979857
-0.01616,0.5877852522924998,0.4662875768742627
-0.01613,-0.3090169943732039,-0.32678342100818375
-0.0161,-1.8806162792048482e-12,0.15529142706052637
-0.01606,-0.5877852522923722,-0.4662875768742031
-0.01603,0.30901699437305385,0.32678342100810437
-0.016,2.1941709164646403e-13,-0.1552914270614891
-0.01597,-0.3090169943752012,-0.03140157374581882
-0.01594,0.5877852522927272,0.21502076972725578
-0.0159,-3.7720730763393605e-13,0.15529142706139767
-0.01587,0.3090169943770812,0.03140157374700325
-0.01584,-0.5877852522928548,-0.21502076972734419
-0.01581,0.8090169943752527,0.37759223463006103
-0.01578,-0.9510565162953287,-0.503202340767381
-0.01574,0.5877852522929825,0.2150207697274326
-0.01571,-0.8090169943764146,-0.37759223463098274
-0.01568,0.9510565162953775,0.5032023407674326
-0.01565,-0.9999999999999999,-0.579555495773533
-0.01562,0.9510565162949006,0.5991777208527242
-0.01558,-0.9510565162954262,-0.5032023407674842
-0.01555,0.9999999999999999,0.5795554957735576
-0.01552,-0.9510565162948519,-0.5991777208527193
-0.01549,0.8090169943743456,0.5601482558981393
-0.01546,-0.5877852522916062,-0.46628757687384564
-0.01542,0.951056516294803,0.5991777208527144
-0.01539,-0.8090169943742528,-0.5601482558981054
-0.01536,0.5877852522914786,0.466287576873786
-0.01533,-0.30901699437373337,-0.32678342100846386
-0.0153,-1.3239486035587683e-12,0.15529142706084897
-0.01526,-0.5877852522913509,-0.46628757687372646
-0.01523,0.30901699437444824,0.32678342100884217
-0.0152,5.722441177733122e-13,-0.15529142706128463
-0.01517,-0.30901699437640173,-0.03140157374657517
-0.01514,0.5877852522930126,0.21502076972745343
-0.0151,-7.300343337607842e-13,0.1552914270611932
-0.01507,0.3090169943756868,0.03140157374612477
-0.01504,-0.5877852522931403,-0.2150207697275418
-0.01501,0.8090169943749255,0.37759223462980146
-0.01498,-0.9510565162954377,-0.5032023407674964
-0.01494,0.587785252293268,0.21502076972763023
-0.01491,-0.8090169943755529,-0.3775922346302991
-0.01488,0.9510565162952055,0.5032023407672507
-0.01485,-0.9999999999999999,-0.5795554957734467
-0.01482,0.9510565162947916,0.5991777208527131
-0.01478,-0.9510565162955352,-0.5032023407675995
-0.01475,0.9999999999999998,0.5795554957736123
-0.01472,-0.9510565162950239,-0.5991777208527368
-0.01469,0.8090169943746728,0.560148255898259
-0.01466,-0.5877852522913207,-0.46628757687371236
-0.01462,0.951056516294694,0.5991777208527033
-0.01459,-0.80901699437458,-0.5601482558982251
-0.01456,0.5877852522919289,0.46628757687399625
-0.01453,-0.3090169943742628,-0.32678342100874397
-0.0145,-7.672809279126882e-13,0.1552914270611716
-0.01446,-0.5877852522918012,-0.4662875768739366
-0.01443,0.3090169943741127,0.32678342100866464
-0.0144,9.250711439001602e-13,-0.15529142706108015
-0.01437,-0.30901699437500735,-0.03140157374569668
-0.01434,0.587785252293298,0.21502076972765108
-0.0143,-1.0828613598876322e-12,0.1552914270609887
-0.01427,0.30901699437602237,0.031401573746336175
-0.01424,-0.5877852522934257,-0.21502076972773945
-0.01421,0.8090169943751329,0.377592234629966
-0.01418,-0.9510565162952658,-0.5032023407673144
-0.01414,0.5877852522928175,0.2150207697273184
-0.01411,-0.8090169943757602,-0.37759223463046365
-0.01408,0.9510565162953145,0.503202340767366
-0.01405,-0.9999999999999999,-0.5795554957735014
-0.01402,0.9510565162949636,0.5991777208527307
-0.01398,-0.9510565162953633,-0.5032023407674175
-0.01395,0.9999999999999999,0.5795554957735259
-0.01392,-0.9510565162949147,-0.5991777208527257
-0.01389,0.8090169943744654,0.5601482558981832
-0.01386,-0.5877852522925069,-0.466287576874266
-0.01382,0.9510565162951471,0.5991777208527493
-0.01379,-0.8090169943743726,-0.5601482558981492
-0.01376,0.5877852522916435,0.46628757687386296
-0.01373,-0.3090169943739272,-0.32678342100856644
-0.0137,-2.1061325226660804e-13,0.1552914270614942
-0.01366,-0.5877852522922516,-0.4662875768741469
-0.01363,0.3090169943737771,0.32678342100848706
-0.0136,1.2778981700270083e-12,-0.15529142706087565
-0.01357,-0.3090169943753429,-0.03140157374590808
-0.01354,0.5877852522928476,0.21502076972733927
-0.0135,-5.261936842415521e-13,0.15529142706131133
-0.01347,0.30901699437635793,0.031401573746547576
-0.01344,-0.5877852522929754,-0.21502076972742762
-0.01341,0.8090169943753402,0.37759223463013053
-0.01338,-0.9510565162953748,-0.5032023407674296
-0.01334,0.587785252293103,0.215020769727516
-0.01331,-0.8090169943748984,-0.37759223462978
-0.01328,0.9510565162954235,0.5032023407674813
-0.01325,-0.9999999999999999,-0.5795554957735563
-0.01322,0.9510565162951357,0.5991777208527481
-0.01318,-0.9510565162951913,-0.5032023407672356
-0.01315,0.9999999999999999,0.5795554957734395
-0.01312,-0.9510565162948057,-0.5991777208527146
-0.01309,0.809016994374258,0.5601482558981072
-0.01306,-0.5877852522922214,-0.46628757687413275
-0.01302,0.9510565162950381,0.5991777208527382
-0.01299,-0.8090169943746998,-0.5601482558982689
-0.01296,0.587785252291358,0.4662875768737298
-0.01293,-0.3090169943744566,-0.32678342100884655
-0.0129,-5.634402783934561e-13,0.15529142706128976
-0.01286,-0.5877852522919662,-0.4662875768740137
-0.01283,0.3090169943743065,0.32678342100876717
-0.0128,7.212304943809281e-13,-0.15529142706119825
-0.01277,-0.3090169943756784,-0.031401573746119495
-0.01274,0.587785252293133,0.21502076972753686
-0.0127,-8.790207103684001e-13,0.15529142706110682
-0.01267,0.3090169943749635,0.031401573745669084
-0.01264,-0.5877852522932607,-0.21502076972762527
-0.01261,0.8090169943755476,0.37759223463029506
-0.01258,-0.9510565162954838,-0.503202340767545
-0.01254,0.5877852522926527,0.21502076972720421
-0.01251,-0.8090169943751059,-0.37759223462994446
-0.01248,0.9510565162952515,0.5032023407672994
-0.01245,-0.9999999999999999,-0.579555495773611
-0.01242,0.9510565162950265,0.5991777208527371
-0.01238,-0.9510565162953003,-0.5032023407673509
-0.01235,0.9999999999999998,0.5795554957734943
-0.01232,-0.9510565162949778,-0.5991777208527321
-0.01229,0.8090169943745852,0.5601482558982269
-0.01226,-0.587785252291936,-0.4662875768739995
-0.01222,0.9510565162949289,0.5991777208527271
-0.01219,-0.8090169943744924,-0.560148255898193
-0.01216,0.5877852522925442,0.46628757687428335
-0.01213,-0.30901699437412106,-0.32678342100866903
-0.0121,-9.16267304520304e-13,0.15529142706108526
-0.01206,-0.5877852522916808,-0.46628757687388045
-0.01203,0.30901699437483593,0.3267834210090473
-0.012,1.6456281873484803e-13,-0.1552914270615209
-0.01197,-0.30901699437601393,-0.031401573746330895
-0.01194,0.5877852522934185,0.2150207697277345
-0.0119,-3.2235303472232005e-13,0.15529142706142948
-0.01187,0.30901699437529906,0.0314015737458805
-0.01184,-0.5877852522928104,-0.21502076972731346
-0.01181,0.809016994375755,0.3775922346304595
-0.01178,-0.9510565162953118,-0.503202340767363
-0.01174,0.5877852522929381,0.2150207697274018
-0.01171,-0.8090169943753132,-0.377592234630109
-0.01168,0.9510565162953605,0.5032023407674147
-0.01165,-0.9999999999999999,-0.5795554957735246
-0.01162,0.9510565162949175,0.599177720852726
-0.01158,-0.9510565162954093,-0.5032023407674663
-0.01155,0.9999999999999999,0.579555495773549
-0.01152,-0.9510565162951498,-0.5991777208527496
-0.01149,0.8090169943749124,0.5601482558983467
-0.01146,-0.5877852522916506,-0.4662875768738663
-0.01142,0.9510565162948199,0.5991777208527161
-0.01139,-0.8090169943748196,-0.5601482558983127
-0.01136,0.5877852522922588,0.46628757687415023
-0.01133,-0.30901699437465047,-0.32678342100894914
-0.0113,-1.2690943306471522e-12,0.15529142706088078
-0.01126,-0.5877852522913953,-0.4662875768737472
-0.01123,0.3090169943745005,0.32678342100886976
-0.0112,5.173898448616961e-13,-0.15529142706131643
-0.01117,-0.3090169943754845,-0.03140157374599735
-0.01114,0.5877852522929682,0.2150207697274227
-0.0111,-6.751800608491681e-13,0.15529142706122498
-0.01107,0.3090169943756346,0.0314015737460919
-0.01104,-0.5877852522930959,-0.21502076972751108
-0.01101,0.8090169943748933,0.37759223462977587
-0.01098,-0.9510565162954209,-0.5032023407674784
-0.01094,0.5877852522932235,0.21502076972759945
-0.01091,-0.8090169943755205,-0.3775922346302735
-0.01088,0.9510565162951885,0.5032023407672328
-0.01085,-0.9999999999999999,-0.5795554957734381
-0.01082,0.9510565162948085,0.5991777208527149
-0.01078,-0.9510565162955184,-0.5032023407675815
-0.01075,0.9999999999999999,0.5795554957736039
-0.01072,-0.9510565162950407,-0.5991777208527385
-0.01069,0.809016994374705,0.5601482558982708
-0.01066,-0.5877852522921009,-0.4662875768740765
-0.01062,0.951056516294992,0.5991777208527336
-0.01059,-0.8090169943746122,-0.5601482558982369
-0.01056,0.5877852522919733,0.4662875768740169
-0.01053,-0.3090169943743149,-0.3267834210087717
-0.0105,1.9706804677185607e-13,0.1552914270617305
-0.01046,-0.5877852522925814,-0.46628757687430084
-0.01043,0.3090169943741649,0.32678342100869223
-0.0104,8.702168709885442e-13,-0.15529142706111196
-0.01037,-0.3090169943749551,-0.03140157374566381
-0.01034,0.5877852522925179,0.21502076972711087
-0.0103,-1.1851238520308802e-13,0.15529142706154758
-0.01027,0.3090169943759702,0.031401573746303306
-0.01024,-0.5877852522926454,-0.21502076972719927
-0.01021,0.8090169943751007,0.3775922346299404
-0.01018,-0.9510565162952488,-0.5032023407672965
-0.01014,0.5877852522927732,0.21502076972728765
-0.01011,-0.8090169943757279,-0.37759223463043806
-0.01008,0.9510565162952975,0.503202340767348
-0.01005,-0.9999999999999999,-0.579555495773493
-0.01002,0.9510565162949806,0.5991777208527325
-0.009984,0.77051324277528,0.5455416654280862
-0.009952,0.48175367410198144,0.14312007454722123
-0.00992,-0.9510565162949317,-0.5991777208527275
-0.009888,-0.12533323356542772,0.08142934346001594
-0.009856,0.9980267284283116,0.5686610460058391
-0.009824,-0.2486898871638364,-0.29454225216862845
-0.009792,-0.9048270524662562,-0.45827761718093146
-0.00976,0.5877852522916879,0.4662875768738838
-0.009728,0.6845471059290352,0.283530458921589
-0.009696,-0.8443279255015383,-0.5725441971096387
-0.009664,-0.3681245526850448,-0.06896229029584833
-0.009632,0.9822872507285372,0.5983886863347025
-0.0096,1.2230438971153922e-12,-0.15529142706090746
-0.009568,-0.9822872507288251,-0.5401912628414594
-0.009536,0.36812455268361605,0.3577349249789055
-0.009504,0.8443279255023617,0.40612558180980307
-0.009472,-0.6845471059279151,-0.5099356157918394
-0.00944,-0.5877852522929309,-0.21502076972739692
-0.009408,0.904827052465602,0.59051736478146
-0.009376,0.2486898871653247,-0.0062830704695638895
-0.009344,-0.9980267284282152,-0.5881627047731186
-0.009312,0.12533323356390325,0.22670447209095526
-0.00928,0.9510565162954066,0.5032023407674634
-0.009248,-0.48175367410063497,-0.41528590432178775
-0.009216,-0.7705132427762595,-0.3475687034058804
-0.009184,0.7705132427750552,0.5455416654279981
-0.009152,0.48175367410229064,0.1431200745474268
-0.00912,-0.9510565162948227,-0.5991777208527164
-0.009088,-0.12533323356487544,0.08142934346034686
-0.009056,0.9980267284283337,0.5686610460059066
-0.009024,-0.24868988716437557,-0.29454225216891944
-0.008992,-0.9048270524664064,-0.4582776171810681
-0.00896,0.5877852522914024,0.46628757687375044
-0.008928,0.6845471059286294,0.2835304589212947
-0.008896,-0.8443279255018367,-0.5725441971097386
-0.008864,-0.3681245526845272,-0.06896229029551654
-0.008832,0.9822872507286415,0.598388686334678
-0.0088,-2.431184803036161e-13,-0.15529142706175716
-0.008768,-0.9822872507287208,-0.5401912628413139
-0.008736,0.3681245526849793,0.35773492497961173
-0.008704,0.8443279255020634,0.4061255818095572
-0.008672,-0.6845471059283209,-0.5099356157920154
-0.00864,-0.5877852522924806,-0.2150207697270851
-0.008608,0.9048270524658389,0.5905173647815192
-0.008576,0.24868988716478554,-0.0062830704698978715
-0.008544,-0.9980267284282501,-0.5881627047730524
-0.008512,0.12533323356445553,0.2267044720912645
-0.00848,0.9510565162952346,0.5032023407672814
-0.008448,-0.48175367410191977,-0.41528590432242274
-0.008416,-0.7705132427759046,-0.3475687034056081
-0.008384,0.7705132427759896,0.5455416654283642
-0.008352,0.4817536741018028,0.14312007454710243
-0.00832,-0.9510565162949947,-0.5991777208527338
-0.008288,-0.1253332335643232,0.08142934346067776
-0.008256,0.9980267284282988,0.5686610460058
-0.008224,-0.24868988716491475,-0.29454225216921043
-0.008192,-0.9048270524661695,-0.4582776171808525
-0.00816,0.5877852522925885,0.4662875768743041
-0.008128,0.6845471059288866,0.28353045892148127
-0.008096,-0.8443279255021349,-0.5725441971098384
-0.008064,-0.3681245526848552,-0.06896229029572683
-0.008032,0.9822872507285754,0.5983886863346936
-0.008,1.0970854582323201e-13,-0.15529142706155272
-0.007968,-0.9822872507287869,-0.5401912628414061
-0.007936,0.3681245526846512,0.3577349249794418
-0.007904,0.8443279255022524,0.4061255818097131
-0.007872,-0.6845471059287267,-0.5099356157921915
-0.00784,-0.587785252292766,-0.21502076972728273
-0.007808,0.9048270524656888,0.5905173647814816
-0.007776,0.24868988716512727,-0.006283070469686187
-0.007744,-0.998026728428228,-0.5881627047730944
-0.007712,0.1253332335641055,0.2267044720910685
-0.00768,0.9510565162953436,0.5032023407673968
-0.007648,-0.4817536741016106,-0.4152859043222699
-0.007616,-0.7705132427758397,-0.3475687034055583
-0.007584,0.770513242775475,0.5455416654281625
-0.007552,0.481753674102112,0.14312007454730802
-0.00752,-0.9510565162950262,-0.599177720852737
-0.007488,-0.1253332335646732,0.08142934346046803
-0.007456,0.9980267284282924,0.5686610460057806
-0.007424,-0.248689887164573,-0.29454225216902596
-0.007392,-0.904827052466126,-0.45827761718081306
-0.00736,0.587785252292303,0.4662875768741709
-0.007328,0.6845471059288123,0.28353045892142736
-0.007296,-0.8443279255019459,-0.5725441971097751
-0.007264,-0.3681245526851833,-0.06896229029593712
-0.007232,0.9822872507285945,0.598388686334689
-0.0072,4.625355719500801e-13,-0.15529142706134824
-0.007168,-0.9822872507287678,-0.5401912628413794
-0.007136,0.36812455268432315,0.3577349249792719
-0.007104,0.8443279255021978,0.406125581809668
-0.007072,-0.6845471059284695,-0.5099356157920799
-0.00704,-0.5877852522926835,-0.21502076972722564
-0.007008,0.9048270524659258,0.5905173647815408
-0.006976,0.24868988716502852,-0.006283070469747336
-0.006944,-0.9980267284282343,-0.5881627047730823
-0.006912,0.12533323356375545,0.2267044720908725
-0.00688,0.9510565162953122,0.5032023407673635
-0.006848,-0.4817536741013014,-0.4152859043221171
-0.006816,-0.7705132427760646,-0.3475687034057308
-0.006784,0.7705132427755399,0.545541665428188
-0.006752,0.4817536741020227,0.14312007454724865
-0.00672,-0.9510565162950577,-0.5991777208527402
-0.006688,-0.1253332335645721,0.08142934346052862
-0.006656,0.9980267284283145,0.5686610460058481
-0.006624,-0.24868988716423124,-0.29454225216884156
-0.006592,-0.9048270524662763,-0.45827761718094967
-0.00656,0.5877852522920176,0.46628757687403766
-0.006528,0.6845471059290695,0.28353045892161394
-0.006496,-0.8443279255017568,-0.5725441971097118
-0.006464,-0.36812455268508854,-0.06896229029587637
-0.006432,0.9822872507286136,0.5983886863346846
-0.0064,3.6061524719046405e-13,-0.15529142706140728
-0.006368,-0.9822872507287488,-0.5401912628413528
-0.006336,0.36812455268399513,0.3577349249791019
-0.006304,0.844327925502387,0.40612558180982383
-0.006272,-0.6845471059282123,-0.5099356157919683
-0.00624,-0.5877852522926011,-0.21502076972716858
-0.006208,0.9048270524659692,0.5905173647815517
-0.006176,0.2486898871649298,-0.006283070469808485
-0.006144,-0.9980267284282692,-0.5881627047730162
-0.006112,0.12533323356430773,0.22670447209118172
-0.00608,0.95105651629514,0.5032023407671815
-0.006048,-0.4817536741017892,-0.4152859043223582
-0.006016,-0.7705132427759996,-0.34756870340568097
-0.005984,0.7705132427756048,0.5455416654282135
-0.005952,0.48175367410193337,0.14312007454718925
-0.00592,-0.9510565162950892,-0.5991777208527435
-0.005888,-0.12533323356447099,0.0814293434605892
-0.005856,0.9980267284282796,0.5686610460057416
-0.005824,-0.24868988716477042,-0.29454225216913255
-0.005792,-0.9048270524660392,-0.4582776171807341
-0.00576,0.587785252292468,0.4662875768742479
-0.005728,0.6845471059289951,0.28353045892156004
-0.005696,-0.8443279255018115,-0.5725441971097301
-0.005664,-0.3681245526849938,-0.06896229029581563
-0.005632,0.9822872507286327,0.5983886863346801
-0.0056,2.5869492243084805e-13,-0.15529142706146634
-0.005568,-0.9822872507287296,-0.5401912628413262
-0.005536,0.3681245526845127,0.3577349249793701
-0.005504,0.8443279255020886,0.406125581809578
-0.005472,-0.684547105928618,-0.5099356157921443
-0.00544,-0.5877852522925187,-0.21502076972711148
-0.005408,0.904827052465819,0.5905173647815142
-0.005376,0.24868988716527154,-0.0062830704695968
-0.005344,-0.9980267284282472,-0.5881627047730581
-0.005312,0.12533323356395767,0.22670447209098574
-0.00528,0.9510565162952491,0.5032023407672969
-0.005248,-0.48175367410148,-0.4152859043222054
-0.005216,-0.7705132427759346,-0.3475687034056311
-0.005184,0.7705132427756698,0.5455416654282389
-0.005152,0.48175367410184405,0.14312007454712988
-0.00512,-0.9510565162951207,-0.5991777208527466
-0.005088,-0.12533323356482104,0.08142934346037946
-0.005056,0.9980267284283018,0.568661046005809
-0.005024,-0.2486898871644287,-0.2945422521689481
-0.004992,-0.9048270524661894,-0.45827761718087073
-0.00496,0.5877852522921826,0.46628757687411465
-0.004928,0.6845471059289209,0.28353045892150613
-0.004896,-0.844327925501866,-0.5725441971097484
-0.004864,-0.36812455268489896,-0.06896229029575489
-0.004832,0.9822872507286518,0.5983886863346757
-0.0048,6.115219485576961e-13,-0.15529142706126187
-0.004768,-0.9822872507287957,-0.5401912628414184
-0.004736,0.36812455268418465,0.35773492497920006
-0.004704,0.8443279255022776,0.4061255818097338
-0.004672,-0.6845471059283609,-0.5099356157920327
-0.00464,-0.5877852522928041,-0.21502076972730907
-0.004608,0.9048270524658624,0.590517364781525
-0.004576,0.24868988716517282,-0.006283070469657949
-0.004544,-0.9980267284282536,-0.588162704773046
-0.004512,0.1253332335640588,0.22670447209104233
-0.00448,0.9510565162953581,0.5032023407674121
-0.004448,-0.48175367410156933,-0.41528590432224954
-0.004416,-0.7705132427758696,-0.34756870340558127
-0.004384,0.7705132427757347,0.5455416654282644
-0.004352,0.48175367410175474,0.14312007454707049
-0.00432,-0.9510565162951522,-0.5991777208527499
-0.004288,-0.12533323356426876,0.08142934346071037
-0.004256,0.9980267284282668,0.5686610460057026
-0.004224,-0.24868988716496784,-0.29454225216923907
-0.004192,-0.9048270524659524,-0.4582776171806551
-0.00416,0.587785252292265,0.4662875768741531
-0.004128,0.6845471059288466,0.28353045892145223
-0.004096,-0.8443279255019207,-0.5725441971097667
-0.004064,-0.3681245526848042,-0.06896229029569415
-0.004032,0.9822872507286708,0.5983886863346711
-0.004,5.485427291161601e-14,-0.15529142706158447
-0.003968,-0.9822872507286915,-0.540191262841273
-0.003936,0.36812455268470223,0.3577349249794683
-0.003904,0.8443279255022231,0.4061255818096888
-0.003872,-0.6845471059284352,-0.509935615792065
-0.00384,-0.5877852522927216,-0.215020769727252
-0.003808,0.9048270524660026,0.5905173647815358
-0.003776,0.2486898871650741,-0.006283070469582681
-0.003744,-0.9980267284282599,-0.588162704773061
-0.003712,0.1253332335641599,0.22670447209097264
-0.00368,0.9510565162951861,0.5032023407673045
-0.003648,-0.48175367410165865,-0.41528590432219525
-0.003616,-0.7705132427759497,-0.34756870340575385
-0.003584,0.7705132427756548,0.5455416654281762
-0.003552,0.4817536741018647,0.14312007454727607
-0.00352,-0.9510565162951135,-0.5991777208527388
-0.003488,-0.12533323356439321,0.08142934346050064
-0.003456,0.9980267284282889,0.5686610460058136
-0.003424,-0.24868988716462612,-0.2945422521689358
-0.003392,-0.9048270524661027,-0.4582776171808798
-0.00336,0.5877852522923475,0.4662875768741057
-0.003328,0.6845471059289381,0.2835304589216388
-0.003296,-0.8443279255018534,-0.5725441971097034
-0.003264,-0.36812455268492084,-0.06896229029590444
-0.003232,0.9822872507286473,0.5983886863346867
-0.0032,1.8030762359523203e-13,-0.15529142706138002
-0.003168,-0.9822872507287576,-0.5401912628414245
-0.003136,0.36812455268437416,0.35773492497918874
-0.003104,0.8443279255020466,0.4061255818096438
-0.003072,-0.6845471059286752,-0.5099356157920972
-0.00304,-0.5877852522924553,-0.21502076972719492
-0.003008,0.9048270524659492,0.5905173647815225
-0.002976,0.2486898871649754,-0.00628307046964383
-0.002944,-0.9980267284282663,-0.5881627047730488
-0.002912,0.12533323356426102,0.22670447209102926
-0.00288,0.9510565162951546,0.5032023407672712
-0.002848,-0.4817536741015487,-0.4152859043221409
-0.002816,-0.7705132427758846,-0.34756870340570395
-0.002784,0.7705132427757198,0.5455416654282017
-0.002752,0.4817536741017754,0.14312007454721667
-0.00272,-0.951056516295145,-0.599177720852742
-0.002688,-0.12533323356451767,0.08142934346042606
-0.002656,0.9980267284282826,0.568661046005794
-0.002624,-0.24868988716472482,-0.29454225216898905
-0.002592,-0.9048270524660593,-0.45827761718084037
-0.00256,0.58778525229243,0.46628757687414424
-0.002528,0.6845471059288638,0.28353045892158496
-0.002496,-0.844327925501908,-0.5725441971097216
-0.002464,-0.3681245526848261,-0.06896229029584368
-0.002432,0.9822872507286665,0.5983886863346821
-0.0024,3.0576097427884806e-13,-0.1552914270613073
-0.002368,-0.9822872507287385,-0.5401912628413978
-0.002336,0.3681245526844689,0.35773492497923787
-0.002304,0.8443279255021139,0.40612558180969915
-0.002272,-0.6845471059285837,-0.5099356157920576
-0.00224,-0.5877852522927407,-0.21502076972739256
-0.002208,0.9048270524659925,0.5905173647815333
-0.002176,0.24868988716487667,-0.006283070469704978
-0.002144,-0.9980267284282728,-0.5881627047730367
-0.002112,0.12533323356436213,0.22670447209108588
-0.00208,0.9510565162951934,0.5032023407673122
-0.002048,-0.481753674101638,-0.41528590432218504
-0.002016,-0.7705132427758197,-0.3475687034056541
-0.001984,0.7705132427757847,0.5455416654282271
-0.001952,0.4817536741018853,0.14312007454728978
-0.00192,-0.9510565162951061,-0.599177720852738
-0.001888,-0.12533323356441656,0.08142934346048665
-0.001856,0.9980267284282761,0.5686610460057746
-0.001824,-0.24868988716482354,-0.29454225216904234
-0.001792,-0.9048270524660643,-0.45827761718084487
-0.00176,0.5877852522924204,0.46628757687413974
-0.001728,0.6845471059287894,0.283530458921531
-0.001696,-0.8443279255019627,-0.5725441971097399
-0.001664,-0.368124552684837,-0.06896229029585069
-0.001632,0.9822872507286643,0.5983886863346827
-0.0016,9.015381179761601e-14,-0.15529142706143226
-0.001568,-0.9822872507287194,-0.5401912628413712
-0.001536,0.36812455268466937,0.35773492497934173
-0.001504,0.8443279255020593,0.4061255818096542
-0.001472,-0.6845471059286581,-0.5099356157920897
-0.00144,-0.5877852522924742,-0.2150207697272081
-0.001408,0.9048270524659876,0.590517364781532
-0.001376,0.24868988716488807,-0.00628307046969792
-0.001344,-0.9980267284282649,-0.5881627047730517
-0.001312,0.12533323356423767,0.22670447209101618
-0.00128,0.9510565162951619,0.5032023407672789
-0.001248,-0.48175367410162767,-0.41528590432217993
-0.001216,-0.7705132427758272,-0.34756870340565993
-0.001184,0.7705132427757048,0.5455416654281958
-0.001152,0.481753674101796,0.14312007454723039
-0.00112,-0.9510565162951025,-0.5991777208527376
-0.001088,-0.12533323356431544,0.08142934346054724
-0.001056,0.9980267284282698,0.5686610460057551
-0.001024,-0.24868988716481213,-0.2945422521690362
-0.000992,-0.9048270524660209,-0.45827761718080545
-0.00096,0.5877852522924109,0.46628757687413536
-0.000928,0.6845471059287151,0.28353045892144707
-0.000896,-0.8443279255019868,-0.5725441971097582
-0.000864,-0.36812455268474226,-0.06896229029575607
-0.000832,0.9822872507286727,0.5983886863346781
-0.0008,4.5076905898808007e-14,-0.15529142706149132
-0.000768,-0.9822872507286896,-0.5401912628413149
-0.000736,0.36812455268465843,0.35773492497936343
-0.000704,0.8443279255020351,0.40612558180960917
-0.000672,-0.6845471059286494,-0.509935615792104
-0.00064,-0.5877852522924838,-0.21502076972718281
-0.000608,0.9048270524660068,0.5905173647815429
-0.000576,0.24868988716489945,-0.006283070469724964
-0.000544,-0.9980267284282712,-0.5881627047730328
-0.000512,0.1253332335642824,0.2267044720910728
-0.00048,0.9510565162951655,0.5032023407672641
-0.000448,-0.4817536741016921,-0.41528590432223633
-0.000416,-0.7705132427758166,-0.34756870340562396
-0.000384,0.7705132427757878,0.5455416654282426
-0.000352,0.4817536741017316,0.14312007454715445
-0.00032,-0.9510565162951515,-0.5991777208527445
-0.000288,-0.12533323356432713,0.08142934346057402
-0.000256,0.9980267284282723,0.568661046005752
-0.000224,-0.24868988716484206,-0.29454225216907465
-0.000192,-0.9048270524660199,-0.45827761718078797
-0.00016,0.5877852522924704,0.4662875768741792
-0.000128,0.6845471059286927,0.2835304589214383
-9.6e-05,-0.8443279255020147,-0.5725441971097663
-6.4e-05,-0.36812455268468053,-0.06896229029572074
-3.2e-05,0.9822872507286885,0.5983886863346748
4.88e-16,2.6062652654180923e-10,-0.15529142691046494
3.2e-05,-0.9822872507286885,-0.5401912628413152
6.4e-05,0.36812455268468053,0.3577349249793715
9.6e-05,0.8443279255020147,0.4061255818095955
0.000128,-0.6845471059286927,-0.5099356157921183
0.00016,-0.5877852522924704,-0.21502076972718145
0.000192,0.9048270524660199,0.5905173647815447
0.000224,0.24868988716484206,-0.006283070469752009
0.000256,-0.9980267284282723,-0.5881627047730308
0.000288,0.12533323356432713,0.22670447209109784
0.00032,0.9510565162951515,0.5032023407672495
0.000352,-0.4817536741017316,-0.41528590432225587
0.000384,-0.7705132427757878,-0.3475687034056019
0.000416,0.7705132427758166,0.5455416654282538
0.000448,0.4817536741016921,0.1431200745471282
0.00048,-0.9510565162951655,-0.5991777208527458
0.000512,-0.1253332335642824,0.08142934346060082
0.000544,0.9980267284282712,0.5686610460057487
0.000576,-0.24868988716489945,-0.294542252169113
0.000608,-0.9048270524660068,-0.45827761718077054
0.00064,0.5877852522924838,0.46628757687419087
0.000672,0.6845471059286494,0.28353045892139944
0.000704,-0.8443279255020351,-0.5725441971097744
0.000736,-0.36812455268465843,-0.06896229029570233
0.000768,0.9822872507286896,0.5983886863346742
0.0008,-4.5076905898808007e-14,-0.15529142706154359
0.000832,-0.9822872507286727,-0.5401912628412915
0.000864,0.36812455268474226,0.35773492497940684
0.000896,0.8443279255019868,0.4061255818095693
0.000928,-0.6845471059287151,-0.5099356157921325
0.00096,-0.5877852522924109,-0.21502076972716416
0.000992,0.9048270524660209,0.5905173647815404
0.001024,0.24868988716481213,-0.006283070469744949
0.001056,-0.9980267284282698,-0.5881627047730423
0.001088,0.12533323356431544,0.22670447209105973
0.00112,0.9510565162951025,0.5032023407672161
0.001152,-0.481753674101796,-0.41528590432226314
0.001184,-0.7705132427757048,-0.34756870340556595
0.001216,0.7705132427758272,0.5455416654282438
0.001248,0.48175367410162767,0.14312007454711848
0.00128,-0.9510565162951619,-0.5991777208527436
0.001312,-0.12533323356423767,0.08142934346059383
0.001344,0.9980267284282649,0.5686610460057401
0.001376,-0.24868988716488807,-0.29454225216907715
0.001408,-0.9048270524659876,-0.4582776171807751
0.00144,0.5877852522924742,0.46628757687416494
0.001472,0.6845471059286581,0.28353045892143564
0.001504,-0.8443279255020593,-0.5725441971097722
0.001536,-0.36812455268466937,-0.06896229029574323
0.001568,0.9822872507287194,0.5983886863346698
0.0016,-9.015381179761601e-14,-0.15529142706153676
0.001632,-0.9822872507286643,-0.5401912628412945
0.001664,0.368124552684837,0.35773492497942855
0.001696,0.8443279255019627,0.40612558180957453
0.001728,-0.6845471059287894,-0.5099356157921469
0.00176,-0.5877852522924204,-0.21502076972717077
0.001792,0.9048270524660643,0.5905173647815513
0.001824,0.24868988716482354,-0.00628307046973789
0.001856,-0.9980267284282761,-0.5881627047730302
0.001888,0.12533323356441656,0.22670447209111635
0.00192,0.9510565162951061,0.5032023407672199
0.001952,-0.4817536741018853,-0.4152859043223072
0.001984,-0.7705132427757847,-0.34756870340562734
0.002016,0.7705132427758197,0.5455416654282409
0.002048,0.481753674101638,0.14312007454712533
0.00208,-0.9510565162951934,-0.5991777208527469
0.002112,-0.12533323356436213,0.08142934346051926
0.002144,0.9980267284282728,0.5686610460057641
0.002176,-0.24868988716487667,-0.29454225216907104
0.002208,-0.9048270524659925,-0.45827761718077964
0.00224,0.5877852522927407,0.4662875768742893
0.002272,0.6845471059285837,0.2835304589213818
0.002304,-0.8443279255021139,-0.5725441971097905
0.002336,-0.3681245526844689,-0.06896229029561472
0.002368,0.9822872507287385,0.5983886863346654
0.0024,-3.0576097427884806e-13,-0.1552914270616617
0.002432,-0.9822872507286665,-0.5401912628412976
0.002464,0.3681245526848261,0.3577349249794229
0.002496,0.844327925501908,0.40612558180952946
0.002528,-0.6845471059288638,-0.5099356157921789
0.00256,-0.58778525229243,-0.21502076972717735
0.002592,0.9048270524660593,0.5905173647815499
0.002624,0.24868988716472482,-0.006283070469799038
0.002656,-0.9980267284282826,-0.5881627047730181
0.002688,0.12533323356451767,0.22670447209117295
0.00272,0.951056516295145,0.5032023407672609
0.002752,-0.4817536741017754,-0.41528590432225293
0.002784,-0.7705132427757198,-0.34756870340557744
0.002816,0.7705132427758846,0.5455416654282663
0.002848,0.4817536741015487,0.14312007454706593
0.00288,-0.9510565162951546,-0.5991777208527429
0.002912,-0.12533323356426102,0.08142934346057984
0.002944,0.9980267284282663,0.5686610460057446
0.002976,-0.2486898871649754,-0.2945422521691243
0.003008,-0.9048270524659492,-0.45827761718074017
0.00304,0.5877852522924553,0.46628757687415606
0.003072,0.6845471059286752,0.2835304589214481
0.003104,-0.8443279255020466,-0.5725441971097681
0.003136,-0.36812455268437416,-0.06896229029555398
0.003168,0.9822872507287576,0.5983886863346608
0.0032,-1.8030762359523203e-13,-0.15529142706158902
0.003232,-0.9822872507286473,-0.540191262841271
0.003264,0.36812455268492084,0.357734924979472
0.003296,0.8443279255018534,0.4061255818094845
0.003328,-0.6845471059289381,-0.5099356157922112
0.00336,-0.5877852522923475,-0.21502076972712028
0.003392,0.9048270524661027,0.5905173647815608
0.003424,0.24868988716462612,-0.006283070469860187
0.003456,-0.9980267284282889,-0.588162704773006
0.003488,0.12533323356439321,0.22670447209110328
0.00352,0.9510565162951135,0.5032023407672276
0.003552,-0.4817536741018647,-0.415285904322297
0.003584,-0.7705132427756548,-0.34756870340552765
0.003616,0.7705132427759497,0.5455416654282917
0.003648,0.48175367410165865,0.14312007454713904
0.00368,-0.9510565162951861,-0.5991777208527461
0.003712,-0.1253332335641599,0.08142934346064043
0.003744,0.9980267284282599,0.5686610460057251
0.003776,-0.2486898871650741,-0.29454225216917757
0.003808,-0.9048270524660026,-0.45827761718078874
0.00384,0.5877852522927216,0.4662875768743662
0.003872,0.6845471059284352,0.28353045892115375
0.003904,-0.8443279255022231,-0.572544197109868
0.003936,-0.36812455268470223,-0.06896229029562874
0.003968,0.9822872507286915,0.5983886863346664
0.004,-5.485427291161601e-14,-0.15529142706164806
0.004032,-0.9822872507286708,-0.5401912628412443
0.004064,0.3681245526848042,0.3577349249795211
0.004096,0.8443279255019207,0.4061255818094395
0.004128,-0.6845471059288466,-0.5099356157922434
0.00416,-0.587785252292265,-0.21502076972693582
0.004192,0.9048270524659524,0.5905173647815475
0.004224,0.24868988716496784,-0.006283070469784919
0.004256,-0.9980267284282668,-0.5881627047730209
0.004288,0.12533323356426876,0.2267044720911599
0.00432,0.9510565162951522,0.5032023407671943
0.004352,-0.48175367410175474,-0.4152859043223412
0.004384,-0.7705132427757347,-0.3475687034054778
0.004416,0.7705132427758696,0.5455416654283173
0.004448,0.48175367410156933,0.14312007454694717
0.00448,-0.9510565162953581,-0.5991777208527708
0.004512,-0.1253332335640588,0.08142934346083618
0.004544,0.9980267284282536,0.568661046005662
0.004576,-0.24868988716517282,-0.2945422521693497
0.004608,-0.9048270524658624,-0.45827761718057314
0.00464,0.5877852522928041,0.46628757687440475
0.004672,0.6845471059283609,0.28353045892109985
0.004704,-0.8443279255022776,-0.5725441971098862
0.004736,-0.36812455268418465,-0.06896229029529696
0.004768,0.9822872507287957,0.5983886863346418
0.0048,-6.115219485576961e-13,-0.15529142706197066
0.004832,-0.9822872507286518,-0.5401912628412177
0.004864,0.36812455268489896,0.3577349249795702
0.004896,0.844327925501866,0.40612558180939445
0.004928,-0.6845471059289209,-0.5099356157922758
0.00496,-0.5877852522921826,-0.21502076972687872
0.004992,0.9048270524661894,0.5905173647816065
0.005024,0.2486898871644287,-0.006283070470118902
0.005056,-0.9980267284283018,-0.5881627047729548
0.005088,0.12533323356482104,0.22670447209146916
0.00512,0.9510565162951207,0.503202340767161
0.005152,-0.48175367410184405,-0.41528590432238527
0.005184,-0.7705132427756698,-0.3475687034054279
0.005216,0.7705132427759346,0.5455416654283427
0.005248,0.48175367410148,0.14312007454688777
0.00528,-0.9510565162952491,-0.5991777208527597
0.005312,-0.12533323356395767,0.08142934346089675
0.005344,0.9980267284282472,0.5686610460056425
0.005376,-0.24868988716527154,-0.29454225216940294
0.005408,-0.904827052465819,-0.4582776171805337
0.00544,0.5877852522925187,0.4662875768742715
0.005472,0.684547105928618,0.2835304589212864
0.005504,-0.8443279255020886,-0.5725441971098228
0.005536,-0.3681245526845127,-0.06896229029550725
0.005568,0.9822872507287296,0.5983886863346574
0.0056,-2.5869492243084805e-13,-0.1552914270617662
0.005632,-0.9822872507286327,-0.5401912628411911
0.005664,0.3681245526849938,0.3577349249796193
0.005696,0.8443279255018115,0.40612558180934943
0.005728,-0.6845471059289951,-0.5099356157923078
0.00576,-0.587785252292468,-0.21502076972707637
0.005792,0.9048270524660392,0.5905173647815691
0.005824,0.24868988716477042,-0.006283070469907217
0.005856,-0.9980267284282796,-0.5881627047729967
0.005888,0.12533323356447099,0.22670447209127315
0.00592,0.9510565162950892,0.5032023407671277
0.005952,-0.48175367410193337,-0.41528590432242946
0.005984,-0.7705132427756048,-0.3475687034053781
0.006016,0.7705132427759996,0.5455416654283681
0.006048,0.4817536741017892,0.14312007454709336
0.00608,-0.95105651629514,-0.5991777208527486
0.006112,-0.12533323356430773,0.08142934346068702
0.006144,0.9980267284282692,0.5686610460057101
0.006176,-0.2486898871649298,-0.29454225216921853
0.006208,-0.9048270524659692,-0.45827761718067034
0.00624,0.5877852522926011,0.46628757687431
0.006272,0.6845471059282123,0.2835304589209921
0.006304,-0.844327925502387,-0.5725441971099228
0.006336,-0.36812455268399513,-0.06896229029517546
0.006368,0.9822872507287488,0.5983886863346528
0.0064,-3.6061524719046405e-13,-0.15529142706182525
0.006432,-0.9822872507286136,-0.5401912628411645
0.006464,0.36812455268508854,0.35773492497966836
0.006496,0.8443279255017568,0.40612558180930447
0.006528,-0.6845471059290695,-0.5099356157923401
0.00656,-0.5877852522920176,-0.21502076972676457
0.006592,0.9048270524662763,0.5905173647816282
0.006624,0.24868988716423124,-0.006283070470241199
0.006656,-0.9980267284283145,-0.5881627047729308
0.006688,0.1253332335645721,0.22670447209132977
0.00672,0.9510565162950577,0.5032023407670944
0.006752,-0.4817536741020227,-0.41528590432247364
0.006784,-0.7705132427755399,-0.34756870340532825
0.006816,0.7705132427760646,0.5455416654283937
0.006848,0.4817536741013014,0.143120074546769
0.00688,-0.9510565162953122,-0.5991777208527661
0.006912,-0.12533323356375545,0.08142934346101792
0.006944,0.9980267284282343,0.5686610460056035
0.006976,-0.24868988716502852,-0.2945422521692718
0.007008,-0.9048270524659258,-0.45827761718063087
0.00704,0.5877852522926835,0.46628757687434846
0.007072,0.6845471059284695,0.2835304589211786
0.007104,-0.8443279255021978,-0.5725441971098595
0.007136,-0.36812455268432315,-0.06896229029538577
0.007168,0.9822872507287678,0.5983886863346485
0.0072,-4.625355719500801e-13,-0.15529142706188434
0.007232,-0.9822872507285945,-0.5401912628411379
0.007264,0.3681245526851833,0.3577349249797175
0.007296,0.8443279255019459,0.4061255818094603
0.007328,-0.6845471059288123,-0.5099356157922286
0.00736,-0.587785252292303,-0.21502076972696216
0.007392,0.904827052466126,0.5905173647815908
0.007424,0.248689887164573,-0.006283070470029514
0.007456,-0.9980267284282924,-0.5881627047729726
0.007488,0.1253332335646732,0.22670447209138633
0.00752,0.9510565162950262,0.503202340767061
0.007552,-0.481753674102112,-0.4152859043225177
0.007584,-0.770513242775475,-0.34756870340527835
0.007616,0.7705132427758397,0.5455416654283054
0.007648,0.4817536741016106,0.1431200745469746
0.00768,-0.9510565162953436,-0.5991777208527693
0.007712,-0.1253332335641055,0.0814293434608082
0.007744,0.998026728428228,0.5686610460055841
0.007776,-0.24868988716512727,-0.2945422521693251
0.007808,-0.9048270524656888,-0.45827761718041526
0.00784,0.587785252292766,0.46628757687438693
0.007872,0.6845471059287267,0.2835304589213652
0.007904,-0.8443279255022524,-0.5725441971098778
0.007936,-0.3681245526846512,-0.06896229029559606
0.007968,0.9822872507287869,0.5983886863346439
0.008,-1.0970854582323201e-13,-0.15529142706167984
0.008032,-0.9822872507285754,-0.5401912628411113
0.008064,0.3681245526848552,0.35773492497954745
0.008096,0.8443279255021349,0.40612558180961605
0.008128,-0.6845471059288866,-0.5099356157922608
0.00816,-0.5877852522925885,-0.2150207697271598
0.008192,0.9048270524661695,0.5905173647816016
0.008224,0.24868988716491475,-0.00628307046981783
0.008256,-0.9980267284282988,-0.5881627047729605
0.008288,0.1253332335643232,0.22670447209119038
0.00832,0.9510565162949947,0.5032023407670277
0.008352,-0.4817536741018028,-0.4152859043223649
0.008384,-0.7705132427759896,-0.34756870340567336
0.008416,0.7705132427759046,0.5455416654283309
0.008448,0.48175367410191977,0.14312007454718018
0.00848,-0.9510565162952346,-0.5991777208527582
0.008512,-0.12533323356445553,0.08142934346059848
0.008544,0.9980267284282501,0.5686610460056516
0.008576,-0.24868988716478554,-0.29454225216914065
0.008608,-0.9048270524658389,-0.45827761718055193
0.00864,0.5877852522924806,0.4662875768742537
0.008672,0.6845471059283209,0.28353045892107087
0.008704,-0.8443279255020634,-0.5725441971098145
0.008736,-0.3681245526849793,-0.06896229029580635
0.008768,0.9822872507287208,0.5983886863346594
0.0088,2.431184803036161e-13,-0.15529142706147536
0.008832,-0.9822872507286415,-0.5401912628412033
0.008864,0.3681245526845272,0.35773492497937753
0.008896,0.8443279255018367,0.40612558180937025
0.008928,-0.6845471059286294,-0.5099356157921492
0.00896,-0.5877852522914024,-0.21502076972633857
0.008992,0.9048270524664064,0.5905173647816607
0.009024,0.24868988716437557,-0.006283070470151812
0.009056,-0.9980267284283337,-0.5881627047728945
0.009088,0.12533323356487544,0.22670447209149958
0.00912,0.9510565162948227,0.5032023407668459
0.009152,-0.48175367410229064,-0.415285904322606
0.009184,-0.7705132427750552,-0.34756870340495627
0.009216,0.7705132427762595,0.5455416654284699
0.009248,0.48175367410063497,0.1431200745463259
0.00928,-0.9510565162954066,-0.5991777208527758
0.009312,-0.12533323356390325,0.08142934346092938
0.009344,0.9980267284282152,0.568661046005545
0.009376,-0.2486898871653247,-0.29454225216943164
0.009408,-0.904827052465602,-0.4582776171803363
0.00944,0.5877852522929309,0.46628757687446387
0.009472,0.6845471059279151,0.2835304589207765
0.009504,-0.8443279255023617,-0.5725441971099143
0.009536,-0.36812455268361605,-0.06896229029493248
0.009568,0.9822872507288251,0.598388686334635
0.0096,-1.2230438971153922e-12,-0.1552914270623251
0.009632,-0.9822872507285372,-0.540191262841058
0.009664,0.3681245526850448,0.35773492497964565
0.009696,0.8443279255015383,0.4061255818091244
0.009728,-0.6845471059290352,-0.5099356157923253
0.00976,-0.5877852522916879,-0.21502076972653617
0.009792,0.9048270524662562,0.5905173647816233
0.009824,0.2486898871638364,-0.0062830704704857935
0.009856,-0.9980267284283116,-0.5881627047729363
0.009888,0.12533323356542772,0.22670447209180888
0.00992,0.9510565162949317,0.5032023407669611
0.009952,-0.48175367410198144,-0.4152859043224532
0.009984,-0.77051324277528,-0.34756870340512885
0.01002,-0.9510565162949806,-0.5032023407670128
0.01005,0.9999999999999999,0.5795554957733335
0.01008,-0.9510565162952975,-0.5991777208527646
0.01011,0.8090169943757279,0.5601482558986449
0.01014,-0.5877852522927732,-0.46628757687439026
0.01018,0.9510565162952488,0.5991777208527597
0.01021,-0.8090169943751007,-0.5601482558984154
0.01024,0.5877852522926454,0.46628757687433064
0.01027,-0.3090169943759702,-0.32678342100964747
0.0103,1.1851238520308802e-13,0.15529142706168497
0.01034,-0.5877852522925179,-0.46628757687427114
0.01037,0.3090169943749551,0.32678342100911034
0.0104,-8.702168709885442e-13,-0.15529142706212062
0.01043,-0.3090169943741649,-0.03140157374516593
0.01046,0.5877852522925814,0.21502076972715492
0.0105,-1.9706804677185607e-13,0.1552914270615021
0.01053,0.3090169943743149,0.03140157374526047
0.01056,-0.5877852522919733,-0.2150207697267338
0.01059,0.8090169943746122,0.3775922346295529
0.01062,-0.951056516294992,-0.503202340767025
0.01066,0.5877852522921009,0.2150207697268222
0.01069,-0.809016994374705,-0.3775922346296265
0.01072,0.9510565162950407,0.5032023407670765
0.01075,-0.9999999999999999,-0.5795554957732226
0.01078,0.9510565162955184,0.5991777208527871
0.01082,-0.9510565162948085,-0.5032023407668309
0.01085,0.9999999999999999,0.5795554957733884
0.01088,-0.9510565162951885,-0.5991777208527534
0.01091,0.8090169943755205,0.5601482558985692
0.01094,-0.5877852522932235,-0.46628757687460043
0.01098,0.9510565162954209,0.5991777208527771
0.01101,-0.8090169943748933,-0.5601482558983396
0.01104,0.5877852522930959,0.4662875768745409
0.01107,-0.3090169943756346,-0.3267834210094699
0.0111,6.751800608491681e-13,0.15529142706200758
0.01114,-0.5877852522929682,-0.4662875768744813
0.01117,0.3090169943754845,0.32678342100939045
0.0112,-5.173898448616961e-13,-0.15529142706191612
0.01123,-0.3090169943745005,-0.03140157374537734
0.01126,0.5877852522913953,0.2150207697263336
0.0113,1.2690943306471522e-12,0.1552914270623518
0.01133,0.30901699437465047,0.03140157374547188
0.01136,-0.5877852522922588,-0.21502076972693146
0.01139,0.8090169943748196,0.3775922346297174
0.01142,-0.9510565162948199,-0.503202340766843
0.01146,0.5877852522916506,0.21502076972651038
0.01149,-0.8090169943749124,-0.377592234629791
0.01152,0.9510565162951498,0.5032023407671918
0.01155,-0.9999999999999999,-0.5795554957732775
0.01158,0.9510565162954093,0.599177720852776
0.01162,-0.9510565162949175,-0.5032023407669461
0.01165,0.9999999999999999,0.5795554957733019
0.01168,-0.9510565162953605,-0.5991777208527711
0.01171,0.8090169943753132,0.5601482558984933
0.01174,-0.5877852522929381,-0.4662875768744673
0.01178,0.9510565162953118,0.5991777208527661
0.01181,-0.809016994375755,-0.5601482558986549
0.01184,0.5877852522928104,0.4662875768744077
0.01187,-0.30901699437529906,-0.32678342100929236
0.0119,3.2235303472232005e-13,0.1552914270618031
0.01194,-0.5877852522934185,-0.4662875768746915
0.01197,0.30901699437601393,0.32678342100967067
0.012,-1.6456281873484803e-13,-0.15529142706171167
0.01203,-0.30901699437483593,-0.031401573745588746
0.01206,0.5877852522916808,0.21502076972653125
0.0121,9.16267304520304e-13,0.1552914270621473
0.01213,0.30901699437412106,0.03140157374513834
0.01216,-0.5877852522925442,-0.2150207697271291
0.01219,0.8090169943744924,0.37759223462945785
0.01222,-0.9510565162949289,-0.5032023407669584
0.01226,0.587785252291936,0.215020769726708
0.01229,-0.8090169943745852,-0.37759223462953145
0.01232,0.9510565162949778,0.5032023407670099
0.01235,-0.9999999999999998,-0.5795554957733322
0.01238,0.9510565162953003,0.5991777208527649
0.01242,-0.9510565162950265,-0.5032023407670614
0.01245,0.9999999999999999,0.5795554957732155
0.01248,-0.9510565162952515,-0.5991777208527599
0.01251,0.8090169943751059,0.5601482558984174
0.01254,-0.5877852522926527,-0.4662875768743341
0.01258,0.9510565162954838,0.5991777208527835
0.01261,-0.8090169943755476,-0.560148255898579
0.01264,0.5877852522932607,0.46628757687461786
0.01267,-0.3090169943749635,-0.32678342100911484
0.0127,8.790207103684001e-13,0.1552914270621257
0.01274,-0.587785252293133,-0.4662875768745583
0.01277,0.3090169943756784,0.32678342100949304
0.0128,-7.212304943809281e-13,-0.15529142706203428
0.01283,-0.3090169943743065,-0.0314015737452552
0.01286,0.5877852522919662,0.21502076972672887
0.0129,5.634402783934561e-13,0.15529142706194282
0.01293,0.3090169943744566,0.03140157374534974
0.01296,-0.587785252291358,-0.21502076972630782
0.01299,0.8090169943746998,0.3775922346296224
0.01302,-0.9510565162950381,-0.5032023407670736
0.01306,0.5877852522922214,0.21502076972690565
0.01309,-0.809016994374258,-0.37759223462927194
0.01312,0.9510565162948057,0.503202340766828
0.01315,-0.9999999999999999,-0.579555495773387
0.01318,0.9510565162951913,0.5991777208527538
0.01322,-0.9510565162951357,-0.5032023407671767
0.01325,0.9999999999999999,0.5795554957732703
0.01328,-0.9510565162954235,-0.5991777208527774
0.01331,0.8090169943748984,0.5601482558983415
0.01334,-0.587785252293103,-0.46628757687454425
0.01338,0.9510565162953748,0.5991777208527724
0.01341,-0.8090169943753402,-0.5601482558985031
0.01344,0.5877852522929754,0.4662875768744847
0.01347,-0.30901699437635793,-0.3267834210098526
0.0135,5.261936842415521e-13,0.15529142706192126
0.01354,-0.5877852522928476,-0.46628757687442507
0.01357,0.3090169943753429,0.3267834210093155
0.0136,-1.2778981700270083e-12,-0.1552914270623569
0.01363,-0.3090169943737771,-0.03140157374492166
0.01366,0.5877852522922516,0.21502076972692652
0.0137,2.1061325226660804e-13,0.15529142706173832
0.01373,0.3090169943739272,0.0314015737450162
0.01376,-0.5877852522916435,-0.21502076972650547
0.01379,0.8090169943743726,0.3775922346293628
0.01382,-0.9510565162951471,-0.503202340767189
0.01386,0.5877852522925069,0.2150207697271033
0.01389,-0.8090169943744654,-0.3775922346294364
0.01392,0.9510565162949147,0.5032023407669433
0.01395,-0.9999999999999999,-0.5795554957733006
0.01398,0.9510565162953633,0.5991777208527713
0.01402,-0.9510565162949636,-0.5032023407669948
0.01405,0.9999999999999999,0.5795554957733251
0.01408,-0.9510565162953145,-0.5991777208527663
0.01411,0.8090169943757602,0.5601482558986568
0.01414,-0.5877852522928175,-0.466287576874411
0.01418,0.9510565162952658,0.5991777208527613
0.01421,-0.8090169943751329,-0.5601482558984273
0.01424,0.5877852522934257,0.46628757687469485
0.01427,-0.30901699437602237,-0.32678342100967506
0.0143,1.0828613598876322e-12,0.15529142706224386
0.01434,-0.587785252293298,-0.46628757687463523
0.01437,0.30901699437500735,0.326783421009138
0.0144,-9.250711439001602e-13,-0.15529142706215243
0.01443,-0.3090169943741127,-0.03140157374513306
0.01446,0.5877852522918012,0.2150207697266147
0.0145,7.672809279126882e-13,0.15529142706206098
0.01453,0.3090169943742628,0.03140157374522761
0.01456,-0.5877852522919289,-0.21502076972670311
0.01459,0.80901699437458,0.37759223462952735
0.01462,-0.951056516294694,-0.5032023407667099
0.01466,0.5877852522913207,0.215020769726282
0.01469,-0.8090169943746728,-0.37759223462960095
0.01472,0.9510565162950239,0.5032023407670586
0.01475,-0.9999999999999998,-0.5795554957732141
0.01478,0.9510565162955352,0.5991777208527888
0.01482,-0.9510565162947916,-0.5032023407668129
0.01485,0.9999999999999999,0.5795554957733798
0.01488,-0.9510565162952055,-0.5991777208527552
0.01491,0.8090169943755529,0.560148255898581
0.01494,-0.587785252293268,-0.46628757687462125
0.01498,0.9510565162954377,0.5991777208527789
0.01501,-0.8090169943749255,-0.5601482558983515
0.01504,0.5877852522931403,0.4662875768745616
0.01507,-0.3090169943756868,-0.32678342100949753
0.0151,7.300343337607842e-13,0.15529142706203938
0.01514,-0.5877852522930126,-0.466287576874502
0.01517,0.30901699437640173,0.32678342100987573
0.0152,-5.722441177733122e-13,-0.15529142706194793
0.01523,-0.30901699437444824,-0.03140157374534447
0.01526,0.5877852522913509,0.21502076972630288
0.0153,1.3239486035587683e-12,0.15529142706238358
0.01533,0.30901699437373337,0.031401573744894065
0.01536,-0.5877852522914786,-0.21502076972639128
0.01539,0.8090169943742528,0.3775922346292678
0.01542,-0.951056516294803,-0.5032023407668251
0.01546,0.5877852522916062,0.21502076972647965
0.01549,-0.8090169943743456,-0.3775922346293414
0.01552,0.9510565162948519,0.5032023407668768
0.01555,-0.9999999999999999,-0.5795554957732689
0.01558,0.9510565162954262,0.5991777208527777
0.01562,-0.9510565162949006,-0.5032023407669282
0.01565,0.9999999999999999,0.5795554957732935
0.01568,-0.9510565162953775,-0.5991777208527727
0.01571,0.8090169943764146,0.5601482558988963
0.01574,-0.5877852522929825,-0.46628757687448796
0.01578,0.9510565162953287,0.5991777208527678
0.01581,-0.8090169943752527,-0.5601482558984712
0.01584,0.5877852522928548,0.4662875768744284
0.01587,-0.3090169943770812,-0.3267834210102353
0.0159,3.7720730763393605e-13,0.15529142706183488
0.01594,-0.5877852522927272,-0.4662875768743688
0.01597,0.3090169943752012,0.3267834210092405
0.016,-2.1941709164646403e-13,-0.15529142706174345
0.01603,-0.30901699437305385,-0.03140157374446598
0.01606,0.5877852522923722,0.21502076972700995
0.0161,1.8806162792048482e-12,0.15529142706270618
0.01613,0.3090169943732039,0.03140157374456052
0.01616,-0.5877852522924998,-0.21502076972709838
0.01619,0.8090169943739256,0.3775922346290082
0.01622,-0.9510565162946311,-0.5032023407666433
0.01626,0.5877852522911559,0.21502076972616782
0.01629,-0.8090169943740184,-0.3775922346290818
0.01632,0.9510565162952419,0.5032023407672892
0.01635,-0.9999999999999998,-0.5795554957731824
0.01638,0.9510565162955983,0.5991777208527952
0.01642,-0.9510565162947285,-0.5032023407667463
0.01645,0.9999999999999999,0.579555495773207
0.01648,-0.9510565162949874,-0.5991777208527331
0.01651,0.8090169943756726,0.5601482558986248
0.01654,-0.5877852522934328,-0.4662875768746982
0.01658,0.9510565162955008,0.5991777208527852
0.01661,-0.80901699437558,-0.5601482558985909
0.01664,0.5877852522933052,0.4662875768746386
0.01667,-0.30901699437588065,-0.32678342100960006
0.0167,9.338749832800161e-13,0.15529142706215748
0.01674,-0.5877852522931775,-0.466287576874579
0.01677,0.3090169943757306,0.3267834210095207
0.0168,-7.760847672925442e-13,-0.15529142706206606
0.01683,-0.3090169943742544,-0.03140157374522233
0.01686,0.5877852522919218,0.21502076972669815
0.0169,2.4372839548509286e-12,0.15529142706302881
0.01693,0.30901699437440444,0.03140157374531687
0.01696,-0.5877852522920495,-0.21502076972678658
0.01699,0.8090169943746676,0.3775922346295968
0.01702,-0.9510565162950211,-0.5032023407670557
0.01706,0.5877852522907054,0.21502076972585601
0.01709,-0.8090169943747604,-0.3775922346296704
0.01712,0.9510565162950698,0.5032023407671072
0.01715,-0.9999999999999998,-0.579555495773096
0.01718,0.9510565162952082,0.5991777208527554
0.01722,-0.9510565162945566,-0.5032023407665644
0.01725,0.9999999999999999,0.579555495773403
0.01728,-0.9510565162951594,-0.5991777208527506
0.01731,0.8090169943759998,0.5601482558987445
0.01734,-0.5877852522924116,-0.46628757687422157
0.01738,0.9510565162956728,0.5991777208528027
0.01741,-0.8090169943759071,-0.5601482558987105
0.01744,0.587785252292284,0.46628757687416195
0.01747,-0.30901699437641006,-0.32678342100988017
0.0175,-3.2844674461976014e-13,0.1552914270614259
0.01754,-0.5877852522936279,-0.46628757687478917
0.01757,0.30901699437626,0.3267834210098008
0.0176,4.862369606072322e-13,-0.15529142706133447
0.01763,-0.30901699437372493,-0.03140157374488879
0.01766,0.5877852522914715,0.21502076972638637
0.0177,1.1749622269511522e-12,0.1552914270622972
0.01773,0.30901699437387503,0.031401573744983334
0.01776,-0.5877852522930707,-0.21502076972749365
0.01779,0.8090169943743404,0.3775922346293372
0.01782,-0.951056516294849,-0.5032023407668739
0.01786,0.5877852522917267,0.21502076972656312
0.01789,-0.8090169943744331,-0.3775922346294109
0.01792,0.9510565162943357,0.503202340766331
0.01795,-0.9999999999999999,-0.579555495773292
0.01798,0.9510565162953802,0.5991777208527731
0.01802,-0.9510565162949466,-0.5032023407669769
0.01805,0.9999999999999999,0.5795554957733166
0.01808,-0.9510565162958935,-0.5991777208528252
0.01811,0.8090169943752579,0.5601482558984731
0.01814,-0.5877852522928619,-0.46628757687443173
0.01818,0.9510565162952827,0.5991777208527631
0.01821,-0.8090169943751652,-0.5601482558984391
0.01824,0.5877852522942059,0.46628757687505895
0.01827,-0.3090169943752095,-0.326783421009245
0.0183,2.2822093102632004e-13,0.15529142706174856
0.01834,-0.5877852522940782,-0.4662875768749994
0.01837,0.3090169943750595,0.3267834210091656
0.0184,-1.8894201185847045e-12,-0.15529142706271132
0.01843,-0.3090169943731955,-0.031401573744555246
0.01846,0.5877852522924927,0.2150207697270934
0.0185,1.7316299025972323e-12,0.15529142706261986
0.01853,0.30901699437507557,0.031401573745739694
0.01856,-0.5877852522911488,-0.21502076972616294
0.01859,0.8090169943740131,0.3775922346290777
0.01862,-0.9510565162952391,-0.5032023407672863
0.01866,0.5877852522912763,0.2150207697262513
0.01869,-0.8090169943741059,-0.3775922346291513
0.01872,0.9510565162947259,0.5032023407667434
0.01875,-0.9999999999999998,-0.5795554957732056
0.01878,0.9510565162949901,0.5991777208527334
0.01882,-0.9510565162947746,-0.5032023407667949
0.01885,0.9999999999999999,0.5795554957732301
0.01888,-0.9510565162955035,-0.5991777208527855
0.01891,0.809016994375585,0.5601482558985927
0.01894,-0.5877852522933122,-0.4662875768746419
0.01898,0.9510565162954547,0.5991777208527805
0.01901,-0.8090169943754923,-0.5601482558985589
0.01904,0.5877852522931847,0.46628757687458233
0.01907,-0.30901699437573893,-0.3267834210095251
0.0191,7.848886066724002e-13,0.15529142706207116
0.01914,-0.5877852522930569,-0.4662875768745227
0.01917,0.3090169943755889,0.3267834210094457
0.0192,-2.4460877942307845e-12,-0.15529142706303392
0.01923,-0.30901699437439606,-0.0314015737453116
0.01926,0.5877852522920424,0.2150207697267816
0.0193,4.693081746974562e-13,0.15529142706188828
0.01933,0.30901699437454616,0.03140157374540615
0.01936,-0.5877852522906983,-0.21502076972585113
0.01939,0.8090169943747552,0.3775922346296663
0.01942,-0.9510565162950672,-0.5032023407671044
0.01946,0.5877852522922976,0.2150207697269584
0.01949,-0.8090169943748479,-0.3775922346297399
0.01952,0.9510565162945539,0.5032023407665616
0.01955,-0.9999999999999999,-0.5795554957734016
0.01958,0.9510565162951622,0.5991777208527509
0.01962,-0.9510565162946026,-0.5032023407666131
0.01965,0.9999999999999998,0.5795554957734261
0.01968,-0.9510565162956754,-0.5991777208528031
0.01971,0.8090169943759122,0.5601482558987124
0.01974,-0.5877852522937627,-0.4662875768748521
0.01978,0.9510565162956268,0.5991777208527981
0.01981,-0.8090169943747504,-0.5601482558982874
0.01984,0.587785252293635,0.46628757687479255
0.01987,-0.3090169943762684,-0.32678342100980523
0.0199,1.3415562823184803e-12,0.15529142706239377
0.01994,-0.5877852522935073,-0.46628757687473293
0.01997,0.30901699437438834,0.32678342100881047
0.02,-1.1837660663310081e-12,-0.15529142706230234
0.02003,-0.30901699437386665,-0.03140157374497806
0.02006,0.587785252291592,0.2150207697264698
0.0201,1.025975850343536e-12,0.15529142706221088
0.02013,0.30901699437401675,0.0314015737450726
0.02016,-0.5877852522917196,-0.21502076972655818
0.02019,0.8090169943744279,0.37759223462940666
0.02022,-0.951056516294333,-0.5032023407663281
0.02026,0.5877852522918473,0.21502076972664658
0.02029,-0.8090169943745207,-0.3775922346294803
0.02032,0.9510565162949439,0.503202340766974
0.02035,-0.9999999999999999,-0.5795554957733152
0.02038,0.9510565162958963,0.5991777208528255
0.02042,-0.9510565162949927,-0.5032023407670256
0.02045,0.9999999999999999,0.5795554957733396
0.02048,-0.9510565162952854,-0.5991777208527633
0.02051,0.8090169943751703,0.560148255898441
0.02054,-0.587785252294213,-0.4662875768750623
0.02058,0.9510565162952367,0.5991777208527584
0.02061,-0.8090169943761467,-0.5601482558987982
0.02064,0.5877852522940854,0.4662875768750027
0.02067,-0.30901699437506785,-0.32678342100916996
0.0207,1.8982239579645605e-12,0.1552914270627164
0.02074,-0.587785252292486,-0.46628757687425626
0.02077,0.30901699437664776,0.3267834210100059
0.0208,-1.7404337419770884e-12,-0.15529142706262494
0.02083,-0.3090169943750672,-0.031401573745734414
0.02086,0.5877852522911416,0.21502076972615797
0.0209,1.5826435259896162e-12,0.1552914270625335
0.02093,0.30901699437348734,0.031401573744739064
0.02096,-0.5877852522912693,-0.21502076972624637
0.02099,0.8090169943751699,0.37759223462999536
0.02102,-0.9510565162947231,-0.5032023407667405
0.02106,0.5877852522913969,0.21502076972633477
0.02109,-0.8090169943741935,-0.37759223462922076
0.02112,0.9510565162947718,0.5032023407667922
0.02115,-0.9999999999999999,-0.5795554957732286
0.02118,0.9510565162955062,0.5991777208527858
0.02122,-0.9510565162948207,-0.5032023407668437
0.02125,0.9999999999999999,0.5795554957732533
0.02128,-0.9510565162954574,-0.5991777208527809
0.02131,0.8090169943754975,0.5601482558985607
0.02134,-0.5877852522931918,-0.46628757687458566
0.02138,0.9510565162954087,0.5991777208527759
0.02141,-0.8090169943764739,-0.5601482558989179
0.02144,0.5877852522930641,0.4662875768745261
0.02147,-0.30901699437559726,-0.32678342100945007
0.0215,2.4548916336106404e-12,0.15529142706303903
0.02154,-0.5877852522929364,-0.4662875768744665
0.02157,0.30901699437717717,0.326783421010286
0.0216,-4.781120140773121e-13,-0.15529142706189336
0.02163,-0.3090169943745378,-0.031401573745400875
0.02166,0.5877852522906913,0.21502076972584616
0.0217,3.2032179808984006e-13,0.1552914270618019
0.02173,0.30901699437295793,0.03140157374440552
0.02176,-0.5877852522922905,-0.21502076972695347
0.02179,0.8090169943748426,0.37759223462973573
0.02182,-0.951056516294551,-0.5032023407665587
0.02186,0.5877852522924182,0.21502076972704184
0.02189,-0.8090169943738663,-0.3775922346289612
0.02192,0.9510565162945999,0.5032023407666103
0.02195,-0.9999999999999999,-0.5795554957734248
0.02198,0.9510565162956782,0.5991777208528033
0.02202,-0.9510565162952107,-0.5032023407672562
0.02205,0.9999999999999999,0.5795554957731668
0.02208,-0.9510565162956295,-0.5991777208527984
0.02211,0.8090169943747555,0.5601482558982892
0.02214,-0.5877852522936421,-0.46628757687479583
0.02218,0.9510565162955807,0.5991777208527934
0.02221,-0.8090169943757319,-0.5601482558986465
0.02224,0.5877852522935145,0.46628757687473626
0.02227,-0.3090169943743967,-0.3267834210088149
0.0223,1.1925699057108642e-12,0.15529142706230745
0.02234,-0.5877852522933867,-0.46628757687467665
0.02237,0.30901699437597663,0.32678342100965085
0.0224,-1.0347796897233922e-12,-0.15529142706221596
0.02243,-0.3090169943722784,-0.03140157374397743
0.02246,0.5877852522917125,0.21502076972655326
0.0225,8.769894737359202e-13,0.1552914270621245
0.02253,0.30901699437415847,0.03140157374516187
0.02256,-0.5877852522918402,-0.21502076972664166
0.02259,0.8090169943734463,0.37759223462862807
0.02262,-0.9510565162949411,-0.5032023407669711
0.02266,0.5877852522919678,0.21502076972673
0.02269,-0.809016994373539,-0.37759223462870156
0.02272,0.9510565162949899,0.5032023407670227
0.02275,-0.9999999999999998,-0.5795554957730558
0.02278,0.9510565162952881,0.5991777208527637
0.02282,-0.9510565162950387,-0.5032023407670743
0.02285,0.9999999999999999,0.5795554957730803
0.02288,-0.9510565162952394,-0.5991777208527588
0.02291,0.8090169943761519,0.5601482558988001
0.02294,-0.5877852522940925,-0.46628757687500605
0.02298,0.9510565162951906,0.5991777208527538
0.02301,-0.8090169943760592,-0.5601482558987662
0.02304,0.5877852522924932,0.46628757687425965
0.02307,-0.3090169943766561,-0.3267834210100104
0.0231,1.7492375813569443e-12,0.15529142706263005
0.02314,-0.5877852522923656,-0.4662875768742
0.02317,0.30901699437650604,0.32678342100993096
0.0232,-1.5914473653694723e-12,-0.15529142706253862
0.02323,-0.30901699437347896,-0.03140157374473379
0.02326,0.5877852522912621,0.21502076972624143
0.0233,1.4336571493820003e-12,0.15529142706244717
0.02333,0.30901699437362895,0.031401573744828326
0.02336,-0.5877852522913898,-0.2150207697263298
0.02339,0.8090169943741883,0.37759223462921665
0.02342,-0.9510565162947691,-0.5032023407667893
0.02346,0.5877852522915175,0.2150207697264182
0.02349,-0.809016994374281,-0.3775922346292902
0.02352,0.9510565162948179,0.5032023407668408
0.02355,-0.9999999999999998,-0.5795554957732518
0.02358,0.9510565162954602,0.5991777208527812
0.02362,-0.9510565162943047,-0.503202340766298
0.02365,0.9999999999999999,0.5795554957732764
0.02368,-0.9510565162954113,-0.5991777208527762
0.02371,0.8090169943764791,0.5601482558989198
0.02374,-0.5877852522930712,-0.4662875768745294
0.02378,0.9510565162959248,0.5991777208528283
0.02381,-0.8090169943753172,-0.5601482558984947
0.02384,0.5877852522929435,0.4662875768744698
0.02387,-0.3090169943771855,-0.3267834210102905
0.0239,4.869158534571681e-13,0.15529142706189847
0.02394,-0.5877852522942875,-0.46628757687509703
0.02397,0.3090169943753055,0.32678342100929575
0.024,-3.2912563746969607e-13,-0.15529142706180704
0.02403,-0.3090169943729495,-0.031401573744400245
0.02406,0.5877852522922833,0.21502076972694853
0.0241,1.9903248250280804e-12,0.1552914270627698
0.02413,0.30901699437309954,0.03140157374449479
0.02416,-0.5877852522924111,-0.2150207697270369
0.02419,0.8090169943738611,0.377592234628957
0.02422,-0.9510565162945971,-0.5032023407666074
0.02426,0.587785252291067,0.21502076972610643
0.02429,-0.8090169943739538,-0.3775922346290306
0.02432,0.951056516295208,0.5032023407672533
0.02435,-0.9999999999999998,-0.5795554957731655
0.02438,0.9510565162956321,0.5991777208527985
0.02442,-0.9510565162946947,-0.5032023407667104
0.02445,1.0,0.57955549577319
0.02448,-0.9510565162955834,-0.5991777208527936
0.02451,0.8090169943757372,0.5601482558986484
0.02454,-0.5877852522935216,-0.4662875768747396
0.02458,0.9510565162955347,0.5991777208527888
0.02461,-0.8090169943756443,-0.5601482558986145
0.02464,0.587785252293394,0.46628757687468003
0.02467,-0.30901699437598495,-0.32678342100965524
0.0247,1.0435835291032481e-12,0.1552914270622211
0.02474,-0.5877852522932662,-0.4662875768746204
0.02477,0.3090169943758349,0.32678342100957586
0.0248,-8.857933131157762e-13,-0.15529142706212964
0.02483,-0.30901699437415003,-0.0314015737451566
0.02486,0.587785252291833,0.21502076972663672
0.0249,2.5469925006741603e-12,0.1552914270630924
0.02493,0.3090169943743001,0.03140157374525114
0.02496,-0.5877852522919607,-0.2150207697267251
0.02499,0.8090169943735339,0.3775922346286975
0.02502,-0.9510565162949872,-0.5032023407670199
0.02506,0.5877852522906167,0.2150207697257946
0.02509,-0.8090169943746958,-0.37759223462961927
0.02512,0.951056516294474,0.5032023407664771
0.02515,-0.9999999999999999,-0.579555495773079
0.02518,0.9510565162952421,0.599177720852759
0.02522,-0.9510565162945227,-0.5032023407665286
0.02525,0.9999999999999999,0.5795554957733859
0.02528,-0.9510565162957554,-0.5991777208528112
0.02531,0.8090169943760643,0.560148255898768
0.02534,-0.5877852522925003,-0.4662875768742629
0.02538,0.9510565162957068,0.5991777208528062
0.02541,-0.8090169943759715,-0.5601482558987342
0.02544,0.5877852522938443,0.4662875768748902
0.02547,-0.3090169943765144,-0.32678342100993535
0.0255,1.6002512047493282e-12,0.1552914270625437
0.02554,-0.5877852522937167,-0.4662875768748307
0.02557,0.3090169943763644,0.32678342100985597
0.0256,-1.4424609887618562e-12,-0.15529142706245225
0.02563,-0.3090169943736206,-0.03140157374482305
0.02566,0.5877852522913827,0.21502076972632492
0.0257,1.2846707727743842e-12,0.15529142706236082
0.02573,0.30901699437377067,0.0314015737449176
0.02576,-0.5877852522915104,-0.21502076972641326
0.02579,0.8090169943742759,0.3775922346292861
0.02582,-0.9510565162948151,-0.5032023407668379
0.02586,0.587785252291638,0.21502076972650166
0.02589,-0.8090169943743686,-0.37759223462935965
0.02592,0.9510565162943018,0.5032023407662951
0.02595,-0.9999999999999999,-0.5795554957732749
0.02598,0.9510565162954141,0.5991777208527764
0.02602,-0.9510565162949127,-0.503202340766941
0.02605,0.9999999999999999,0.5795554957732996
0.02608,-0.9510565162959275,-0.5991777208528286
0.02611,0.8090169943753224,0.5601482558984966
0.02614,-0.5877852522929506,-0.46628757687447314
0.02618,0.9510565162958787,0.5991777208528237
0.02621,-0.8090169943752296,-0.5601482558984627
0.02624,0.5877852522942947,0.46628757687510036
0.02627,-0.3090169943753139,-0.32678342100930013
0.0263,3.379294768495521e-13,0.15529142706181212
0.02634,-0.587785252294167,-0.46628757687504085
0.02637,0.30901699437516383,0.3267834210092208
0.0264,-1.9991286644079363e-12,-0.1552914270627749
0.02643,-0.3090169943730912,-0.031401573744489514
0.02646,0.5877852522924039,0.21502076972703196
0.0265,1.8413384484204645e-12,0.15529142706268342
0.02653,0.3090169943749712,0.031401573745673955
0.02656,-0.58778525229106,-0.21502076972610146
0.02659,0.8090169943739487,0.3775922346290265
0.02662,-0.9510565162952053,-0.5032023407672505
0.02666,0.5877852522911876,0.21502076972618986
0.02669,-0.8090169943740414,-0.3775922346291001
0.02672,0.9510565162946919,0.5032023407667077
0.02675,-0.9999999999999999,-0.5795554957731885
0.02678,0.951056516295024,0.5991777208527369
0.02682,-0.9510565162947408,-0.5032023407667592
0.02685,0.9999999999999999,0.5795554957732131
0.02688,-0.9510565162955374,-0.599177720852789
0.02691,0.8090169943756497,0.5601482558986163
0.02694,-0.5877852522948727,-0.46628757687537015
0.02698,0.9510565162954886,0.5991777208527841
0.02701,-0.8090169943755569,-0.5601482558985824
0.02704,0.5877852522932734,0.46628757687462374
0.02707,-0.30901699437584335,-0.32678342100958024
0.0271,2.7135865560414885e-12,0.15529142706318896
0.02714,-0.5877852522931458,-0.46628757687456424
0.02717,0.30901699437569324,0.3267834210095009
0.0272,-2.5557963400540167e-12,-0.1552914270630975
0.02723,-0.30901699437429175,-0.03140157374524587
0.02726,0.587785252290482,0.21502076972570128
0.0273,5.790167205206882e-13,0.15529142706195184
0.02733,0.3090169943744418,0.031401573745340416
0.02736,-0.5877852522906096,-0.21502076972578962
0.02739,0.8090169943746907,0.3775922346296151
0.02742,-0.9510565162944711,-0.5032023407664742
0.02746,0.5877852522907373,0.21502076972587802
0.02749,-0.8090169943747834,-0.3775922346296887
0.02752,0.9510565162945199,0.5032023407665257
0.02755,-0.9999999999999999,-0.5795554957733845
0.02758,0.9510565162957582,0.5991777208528114
0.02762,-0.9510565162945688,-0.5032023407665773
0.02765,0.9999999999999999,0.579555495773409
0.02768,-0.9510565162957094,-0.5991777208528064
0.02771,0.8090169943759769,0.5601482558987361
0.02774,-0.5877852522938514,-0.46628757687489353
0.02778,0.9510565162956607,0.5991777208528015
0.02781,-0.809016994375884,-0.5601482558987021
0.02784,0.5877852522937238,0.4662875768748339
0.02787,-0.30901699437637276,-0.32678342100986035
0.0279,1.4512648281417125e-12,0.15529142706245738
0.02794,-0.5877852522935961,-0.4662875768747744
0.02797,0.3090169943779526,0.32678342101069635
0.028,-1.2934746121542403e-12,-0.15529142706236593
0.02803,-0.30901699437376234,-0.03140157374491232
0.02806,0.5877852522915031,0.21502076972640838
0.0281,1.1356843961667683e-12,0.1552914270622745
0.02813,0.3090169943721824,0.03140157374391697
0.02816,-0.5877852522916309,-0.21502076972649672
0.02819,0.8090169943743635,0.3775922346293556
0.02822,-0.9510565162942991,-0.5032023407662922
0.02826,0.5877852522917585,0.21502076972658513
0.02829,-0.809016994373387,-0.37759223462858094
0.02832,0.95105651629491,0.5032023407669381
0.02835,-0.9999999999999999,-0.5795554957732981
0.02838,0.9510565162959301,0.5991777208528288
0.02842,-0.9510565162949588,-0.5032023407669898
0.02845,1.0,0.5795554957730401
0.02848,-0.9510565162958815,-0.599177720852824
0.02851,0.8090169943752348,0.5601482558984646
0.02854,-0.5877852522943018,-0.4662875768751037
0.02858,0.9510565162952705,0.5991777208527619
0.02861,-0.8090169943762112,-0.5601482558988218
0.02864,0.5877852522941741,0.4662875768750442
0.02867,-0.3090169943751722,-0.3267834210092252
0.0287,2.0079325037877922e-12,0.15529142706277999
0.02874,-0.5877852522925748,-0.4662875768742978
0.02877,0.30901699437675206,0.32678342101006114
0.0288,-1.8501422878003204e-12,-0.15529142706268853
0.02883,-0.3090169943749629,-0.031401573745668675
0.02886,0.5877852522910528,0.21502076972609654
0.0289,1.6923520718128484e-12,0.1552914270625971
0.02893,0.3090169943733829,0.031401573744673325
0.02896,-0.5877852522911805,-0.21502076972618492
0.02899,0.8090169943740363,0.377592234629096
0.02902,-0.9510565162946891,-0.5032023407667047
0.02906,0.5877852522913082,0.21502076972627332
0.02909,-0.809016994374129,-0.3775922346291695
0.02912,0.951056516294738,0.5032023407667563
0.02915,-0.9999999999999998,-0.5795554957732116
0.02918,0.9510565162955401,0.5991777208527893
0.02922,-0.9510565162947867,-0.5032023407668078
0.02925,0.9999999999999999,0.5795554957732362
0.02928,-0.9510565162954914,-0.5991777208527843
0.02931,0.8090169943755621,0.5601482558985843
0.02934,-0.5877852522932805,-0.4662875768746271
0.02938,0.9510565162954425,0.5991777208527794
0.02941,-0.8090169943765384,-0.5601482558989416
0.02944,0.5877852522931528,0.46628757687456746
0.02947,-0.3090169943774316,-0.3267834210104206
0.0295,2.5646001794338726e-12,0.1552914270631026
0.02954,-0.5877852522930253,-0.46628757687450795
0.02957,0.3090169943772815,0.32678342101034125
0.0296,-5.878205599005441e-13,-0.15529142706195695
0.02963,-0.30901699437270347,-0.031401573744245244
0.02966,0.5877852522906024,0.21502076972578474
0.0297,4.3003034391307205e-13,0.15529142706186552
0.02973,0.3090169943728535,0.03140157374433978
0.02976,-0.5877852522922018,-0.215020769726892
0.02979,0.8090169943737091,0.3775922346288364
0.02982,-0.9510565162945172,-0.5032023407665228
0.02986,0.5877852522923294,0.21502076972698042
0.02989,-0.8090169943738018,-0.37759223462891
0.02992,0.951056516294566,0.5032023407665744
0.02995,-0.9999999999999999,-0.5795554957731253
0.02998,0.9510565162957121,0.5991777208528067
0.03002,-0.9510565162951768,-0.5032023407672204
0.03005,1.0,0.5795554957731497
0.03008,-0.9510565162956635,-0.5991777208528017
0.03011,0.8090169943758893,0.560148255898704
0.03014,-0.5877852522937308,-0.46628757687483724
0.03018,0.9510565162956146,0.5991777208527969
0.03021,-0.8090169943757964,-0.5601482558986701
0.03024,0.5877852522936032,0.46628757687477773
0.03027,-0.309016994377961,-0.32678342101070074
0.0303,1.3022784515340964e-12,0.155291427062371
0.03034,-0.5877852522949472,-0.46628757687540495
0.03037,0.30901699437608093,0.32678342100970603
0.0304,-1.1444882355466244e-12,-0.15529142706227955
0.03043,-0.30901699437217406,-0.0314015737439117
0.03046,0.5877852522916237,0.2150207697264918
0.0305,2.8056874231050084e-12,0.1552914270632423
0.03053,0.30901699437405405,0.03140157374509614
0.03056,-0.5877852522917514,-0.21502076972658016
0.03059,0.8090169943733818,0.3775922346285769
0.03062,-0.9510565162949073,-0.5032023407669354
0.03066,0.5877852522904075,0.21502076972564968
0.03069,-0.8090169943734745,-0.3775922346294986
0.03072,0.9510565162943939,0.5032023407669869
0.03075,-0.9999999999999999,-0.5795554957733212
0.03078,0.9510565162958842,0.5991777208527671
0.03082,-0.9510565162944427,-0.5032023407670384
0.03085,0.9999999999999999,0.5795554957733458
0.03088,-0.9510565162958354,-0.5991777208527621
0.03091,0.8090169943762164,0.5601482558984325
0.03094,-0.5877852522941812,-0.4662875768743606
0.03098,0.9510565162957866,0.5991777208527572
0.03101,-0.8090169943761236,-0.5601482558983987
0.03104,0.5877852522940535,0.466287576874301
0.03107,-0.30901699437676045,-0.3267834210091502
0.0311,1.8589461271801763e-12,0.15529142706163943
0.03114,-0.587785252293926,-0.4662875768742415
0.03117,0.30901699437661034,0.3267834210090709
0.0312,-1.7011559111927045e-12,-0.15529142706154797
0.03123,-0.3090169943733746,-0.03140157374575795
0.03126,0.5877852522911734,0.2150207697271989
0.0313,1.5433656952052325e-12,0.15529142706145654
0.03133,0.30901699437006475,0.031401573743672695
0.03136,-0.5877852522913011,-0.21502076972728726
0.03139,0.8090169943741238,0.3775922346300137
0.03142,-0.951056516293611,-0.503202340766159
0.03146,0.5877852522914288,0.21502076972737566
0.03149,-0.8090169943720782,-0.3775922346283909
0.03152,0.951056516294784,0.5032023407673994
0.03155,-0.9999999999999999,-0.5795554957735173
0.03158,0.9510565162966182,0.5991777208528417
0.03162,-0.9510565162948328,-0.503202340767451
0.03165,0.9999999999999999,0.5795554957729768
0.03168,-0.9510565162954453,-0.5991777208527226
0.03171,0.8090169943754745,0.5601482558981612
0.03174,-0.5877852522961031,-0.4662875768752577
0.03178,0.9510565162953966,0.5991777208527176
0.03181,-0.80901699437752,-0.5601482558989095
0.03184,0.5877852522930324,0.4662875768738244
0.03187,-0.3090169943755599,-0.32678342100851504
0.0319,4.234603206372113e-12,0.15529142706301627
0.03194,-0.5877852522929047,-0.4662875768737649
0.03197,0.30901699437886976,0.32678342101026625
